"MTU (CET)","Day-ahead Price [EUR/MWh]","BZN|NL"
"01.01.2020 00:00 - 01.01.2020 01:00","41.88"
"01.01.2020 01:00 - 01.01.2020 02:00","38.60"
"01.01.2020 02:00 - 01.01.2020 03:00","36.55"
"01.01.2020 03:00 - 01.01.2020 04:00","32.32"
"01.01.2020 04:00 - 01.01.2020 05:00","30.85"
"01.01.2020 05:00 - 01.01.2020 06:00","30.14"
"01.01.2020 06:00 - 01.01.2020 07:00","30.17"
"01.01.2020 07:00 - 01.01.2020 08:00","30.00"
"01.01.2020 08:00 - 01.01.2020 09:00","30.65"
"01.01.2020 09:00 - 01.01.2020 10:00","30.65"
"01.01.2020 10:00 - 01.01.2020 11:00","30.27"
"01.01.2020 11:00 - 01.01.2020 12:00","30.34"
"01.01.2020 12:00 - 01.01.2020 13:00","30.99"
"01.01.2020 13:00 - 01.01.2020 14:00","30.04"
"01.01.2020 14:00 - 01.01.2020 15:00","30.75"
"01.01.2020 15:00 - 01.01.2020 16:00","32.11"
"01.01.2020 16:00 - 01.01.2020 17:00","35.98"
"01.01.2020 17:00 - 01.01.2020 18:00","40.40"
"01.01.2020 18:00 - 01.01.2020 19:00","44.05"
"01.01.2020 19:00 - 01.01.2020 20:00","38.69"
"01.01.2020 20:00 - 01.01.2020 21:00","42.62"
"01.01.2020 21:00 - 01.01.2020 22:00","40.68"
"01.01.2020 22:00 - 01.01.2020 23:00","39.68"
"01.01.2020 23:00 - 02.01.2020 00:00","31.47"
"02.01.2020 00:00 - 02.01.2020 01:00","35.40"
"02.01.2020 01:00 - 02.01.2020 02:00","31.98"
"02.01.2020 02:00 - 02.01.2020 03:00","30.50"
"02.01.2020 03:00 - 02.01.2020 04:00","28.79"
"02.01.2020 04:00 - 02.01.2020 05:00","28.42"
"02.01.2020 05:00 - 02.01.2020 06:00","28.75"
"02.01.2020 06:00 - 02.01.2020 07:00","34.16"
"02.01.2020 07:00 - 02.01.2020 08:00","42.07"
"02.01.2020 08:00 - 02.01.2020 09:00","44.89"
"02.01.2020 09:00 - 02.01.2020 10:00","45.26"
"02.01.2020 10:00 - 02.01.2020 11:00","45.57"
"02.01.2020 11:00 - 02.01.2020 12:00","45.09"
"02.01.2020 12:00 - 02.01.2020 13:00","45.16"
"02.01.2020 13:00 - 02.01.2020 14:00","44.90"
"02.01.2020 14:00 - 02.01.2020 15:00","44.06"
"02.01.2020 15:00 - 02.01.2020 16:00","43.63"
"02.01.2020 16:00 - 02.01.2020 17:00","44.39"
"02.01.2020 17:00 - 02.01.2020 18:00","46.05"
"02.01.2020 18:00 - 02.01.2020 19:00","46.72"
"02.01.2020 19:00 - 02.01.2020 20:00","44.62"
"02.01.2020 20:00 - 02.01.2020 21:00","34.90"
"02.01.2020 21:00 - 02.01.2020 22:00","34.19"
"02.01.2020 22:00 - 02.01.2020 23:00","32.39"
"02.01.2020 23:00 - 03.01.2020 00:00","28.83"
"03.01.2020 00:00 - 03.01.2020 01:00","27.44"
"03.01.2020 01:00 - 03.01.2020 02:00","27.70"
"03.01.2020 02:00 - 03.01.2020 03:00","27.51"
"03.01.2020 03:00 - 03.01.2020 04:00","24.79"
"03.01.2020 04:00 - 03.01.2020 05:00","22.40"
"03.01.2020 05:00 - 03.01.2020 06:00","25.98"
"03.01.2020 06:00 - 03.01.2020 07:00","30.99"
"03.01.2020 07:00 - 03.01.2020 08:00","29.78"
"03.01.2020 08:00 - 03.01.2020 09:00","40.54"
"03.01.2020 09:00 - 03.01.2020 10:00","45.76"
"03.01.2020 10:00 - 03.01.2020 11:00","47.67"
"03.01.2020 11:00 - 03.01.2020 12:00","49.17"
"03.01.2020 12:00 - 03.01.2020 13:00","44.91"
"03.01.2020 13:00 - 03.01.2020 14:00","39.70"
"03.01.2020 14:00 - 03.01.2020 15:00","39.04"
"03.01.2020 15:00 - 03.01.2020 16:00","38.40"
"03.01.2020 16:00 - 03.01.2020 17:00","38.91"
"03.01.2020 17:00 - 03.01.2020 18:00","47.45"
"03.01.2020 18:00 - 03.01.2020 19:00","49.84"
"03.01.2020 19:00 - 03.01.2020 20:00","45.75"
"03.01.2020 20:00 - 03.01.2020 21:00","44.48"
"03.01.2020 21:00 - 03.01.2020 22:00","33.00"
"03.01.2020 22:00 - 03.01.2020 23:00","38.38"
"03.01.2020 23:00 - 04.01.2020 00:00","34.30"
"04.01.2020 00:00 - 04.01.2020 01:00","32.99"
"04.01.2020 01:00 - 04.01.2020 02:00","30.37"
"04.01.2020 02:00 - 04.01.2020 03:00","29.56"
"04.01.2020 03:00 - 04.01.2020 04:00","27.05"
"04.01.2020 04:00 - 04.01.2020 05:00","25.20"
"04.01.2020 05:00 - 04.01.2020 06:00","24.52"
"04.01.2020 06:00 - 04.01.2020 07:00","25.03"
"04.01.2020 07:00 - 04.01.2020 08:00","27.28"
"04.01.2020 08:00 - 04.01.2020 09:00","30.00"
"04.01.2020 09:00 - 04.01.2020 10:00","36.41"
"04.01.2020 10:00 - 04.01.2020 11:00","30.00"
"04.01.2020 11:00 - 04.01.2020 12:00","30.00"
"04.01.2020 12:00 - 04.01.2020 13:00","35.00"
"04.01.2020 13:00 - 04.01.2020 14:00","32.07"
"04.01.2020 14:00 - 04.01.2020 15:00","36.80"
"04.01.2020 15:00 - 04.01.2020 16:00","34.09"
"04.01.2020 16:00 - 04.01.2020 17:00","34.50"
"04.01.2020 17:00 - 04.01.2020 18:00","45.00"
"04.01.2020 18:00 - 04.01.2020 19:00","44.52"
"04.01.2020 19:00 - 04.01.2020 20:00","45.94"
"04.01.2020 20:00 - 04.01.2020 21:00","41.70"
"04.01.2020 21:00 - 04.01.2020 22:00","34.46"
"04.01.2020 22:00 - 04.01.2020 23:00","39.75"
"04.01.2020 23:00 - 05.01.2020 00:00","37.95"
"05.01.2020 00:00 - 05.01.2020 01:00","33.10"
"05.01.2020 01:00 - 05.01.2020 02:00","32.28"
"05.01.2020 02:00 - 05.01.2020 03:00","31.18"
"05.01.2020 03:00 - 05.01.2020 04:00","30.10"
"05.01.2020 04:00 - 05.01.2020 05:00","29.96"
"05.01.2020 05:00 - 05.01.2020 06:00","29.88"
"05.01.2020 06:00 - 05.01.2020 07:00","30.38"
"05.01.2020 07:00 - 05.01.2020 08:00","31.15"
"05.01.2020 08:00 - 05.01.2020 09:00","32.09"
"05.01.2020 09:00 - 05.01.2020 10:00","34.27"
"05.01.2020 10:00 - 05.01.2020 11:00","37.53"
"05.01.2020 11:00 - 05.01.2020 12:00","38.99"
"05.01.2020 12:00 - 05.01.2020 13:00","38.15"
"05.01.2020 13:00 - 05.01.2020 14:00","35.37"
"05.01.2020 14:00 - 05.01.2020 15:00","34.44"
"05.01.2020 15:00 - 05.01.2020 16:00","36.10"
"05.01.2020 16:00 - 05.01.2020 17:00","40.59"
"05.01.2020 17:00 - 05.01.2020 18:00","44.68"
"05.01.2020 18:00 - 05.01.2020 19:00","46.16"
"05.01.2020 19:00 - 05.01.2020 20:00","43.17"
"05.01.2020 20:00 - 05.01.2020 21:00","35.00"
"05.01.2020 21:00 - 05.01.2020 22:00","33.79"
"05.01.2020 22:00 - 05.01.2020 23:00","34.90"
"05.01.2020 23:00 - 06.01.2020 00:00","31.00"
"06.01.2020 00:00 - 06.01.2020 01:00","29.16"
"06.01.2020 01:00 - 06.01.2020 02:00","29.00"
"06.01.2020 02:00 - 06.01.2020 03:00","29.08"
"06.01.2020 03:00 - 06.01.2020 04:00","27.72"
"06.01.2020 04:00 - 06.01.2020 05:00","27.03"
"06.01.2020 05:00 - 06.01.2020 06:00","28.98"
"06.01.2020 06:00 - 06.01.2020 07:00","33.18"
"06.01.2020 07:00 - 06.01.2020 08:00","43.13"
"06.01.2020 08:00 - 06.01.2020 09:00","44.52"
"06.01.2020 09:00 - 06.01.2020 10:00","44.96"
"06.01.2020 10:00 - 06.01.2020 11:00","44.00"
"06.01.2020 11:00 - 06.01.2020 12:00","42.46"
"06.01.2020 12:00 - 06.01.2020 13:00","41.30"
"06.01.2020 13:00 - 06.01.2020 14:00","40.51"
"06.01.2020 14:00 - 06.01.2020 15:00","41.22"
"06.01.2020 15:00 - 06.01.2020 16:00","43.28"
"06.01.2020 16:00 - 06.01.2020 17:00","43.68"
"06.01.2020 17:00 - 06.01.2020 18:00","47.90"
"06.01.2020 18:00 - 06.01.2020 19:00","48.91"
"06.01.2020 19:00 - 06.01.2020 20:00","45.04"
"06.01.2020 20:00 - 06.01.2020 21:00","40.00"
"06.01.2020 21:00 - 06.01.2020 22:00","33.89"
"06.01.2020 22:00 - 06.01.2020 23:00","33.58"
"06.01.2020 23:00 - 07.01.2020 00:00","30.35"
"07.01.2020 00:00 - 07.01.2020 01:00","30.00"
"07.01.2020 01:00 - 07.01.2020 02:00","30.98"
"07.01.2020 02:00 - 07.01.2020 03:00","29.78"
"07.01.2020 03:00 - 07.01.2020 04:00","29.00"
"07.01.2020 04:00 - 07.01.2020 05:00","29.65"
"07.01.2020 05:00 - 07.01.2020 06:00","31.79"
"07.01.2020 06:00 - 07.01.2020 07:00","38.73"
"07.01.2020 07:00 - 07.01.2020 08:00","49.01"
"07.01.2020 08:00 - 07.01.2020 09:00","51.09"
"07.01.2020 09:00 - 07.01.2020 10:00","51.12"
"07.01.2020 10:00 - 07.01.2020 11:00","49.83"
"07.01.2020 11:00 - 07.01.2020 12:00","49.16"
"07.01.2020 12:00 - 07.01.2020 13:00","48.43"
"07.01.2020 13:00 - 07.01.2020 14:00","47.99"
"07.01.2020 14:00 - 07.01.2020 15:00","46.22"
"07.01.2020 15:00 - 07.01.2020 16:00","43.10"
"07.01.2020 16:00 - 07.01.2020 17:00","45.90"
"07.01.2020 17:00 - 07.01.2020 18:00","47.96"
"07.01.2020 18:00 - 07.01.2020 19:00","48.11"
"07.01.2020 19:00 - 07.01.2020 20:00","40.89"
"07.01.2020 20:00 - 07.01.2020 21:00","30.10"
"07.01.2020 21:00 - 07.01.2020 22:00","32.93"
"07.01.2020 22:00 - 07.01.2020 23:00","31.00"
"07.01.2020 23:00 - 08.01.2020 00:00","31.30"
"08.01.2020 00:00 - 08.01.2020 01:00","25.27"
"08.01.2020 01:00 - 08.01.2020 02:00","25.77"
"08.01.2020 02:00 - 08.01.2020 03:00","23.24"
"08.01.2020 03:00 - 08.01.2020 04:00","19.76"
"08.01.2020 04:00 - 08.01.2020 05:00","19.28"
"08.01.2020 05:00 - 08.01.2020 06:00","23.86"
"08.01.2020 06:00 - 08.01.2020 07:00","27.70"
"08.01.2020 07:00 - 08.01.2020 08:00","40.07"
"08.01.2020 08:00 - 08.01.2020 09:00","42.66"
"08.01.2020 09:00 - 08.01.2020 10:00","44.21"
"08.01.2020 10:00 - 08.01.2020 11:00","46.17"
"08.01.2020 11:00 - 08.01.2020 12:00","46.18"
"08.01.2020 12:00 - 08.01.2020 13:00","46.85"
"08.01.2020 13:00 - 08.01.2020 14:00","44.90"
"08.01.2020 14:00 - 08.01.2020 15:00","46.04"
"08.01.2020 15:00 - 08.01.2020 16:00","46.33"
"08.01.2020 16:00 - 08.01.2020 17:00","47.90"
"08.01.2020 17:00 - 08.01.2020 18:00","58.92"
"08.01.2020 18:00 - 08.01.2020 19:00","55.92"
"08.01.2020 19:00 - 08.01.2020 20:00","56.67"
"08.01.2020 20:00 - 08.01.2020 21:00","48.10"
"08.01.2020 21:00 - 08.01.2020 22:00","44.92"
"08.01.2020 22:00 - 08.01.2020 23:00","41.51"
"08.01.2020 23:00 - 09.01.2020 00:00","39.41"
"09.01.2020 00:00 - 09.01.2020 01:00","34.08"
"09.01.2020 01:00 - 09.01.2020 02:00","32.20"
"09.01.2020 02:00 - 09.01.2020 03:00","32.56"
"09.01.2020 03:00 - 09.01.2020 04:00","32.11"
"09.01.2020 04:00 - 09.01.2020 05:00","29.00"
"09.01.2020 05:00 - 09.01.2020 06:00","29.00"
"09.01.2020 06:00 - 09.01.2020 07:00","35.28"
"09.01.2020 07:00 - 09.01.2020 08:00","46.50"
"09.01.2020 08:00 - 09.01.2020 09:00","47.85"
"09.01.2020 09:00 - 09.01.2020 10:00","45.68"
"09.01.2020 10:00 - 09.01.2020 11:00","43.61"
"09.01.2020 11:00 - 09.01.2020 12:00","40.00"
"09.01.2020 12:00 - 09.01.2020 13:00","37.06"
"09.01.2020 13:00 - 09.01.2020 14:00","34.04"
"09.01.2020 14:00 - 09.01.2020 15:00","32.90"
"09.01.2020 15:00 - 09.01.2020 16:00","32.54"
"09.01.2020 16:00 - 09.01.2020 17:00","33.21"
"09.01.2020 17:00 - 09.01.2020 18:00","42.93"
"09.01.2020 18:00 - 09.01.2020 19:00","45.86"
"09.01.2020 19:00 - 09.01.2020 20:00","41.03"
"09.01.2020 20:00 - 09.01.2020 21:00","32.96"
"09.01.2020 21:00 - 09.01.2020 22:00","30.90"
"09.01.2020 22:00 - 09.01.2020 23:00","31.02"
"09.01.2020 23:00 - 10.01.2020 00:00","29.70"
"10.01.2020 00:00 - 10.01.2020 01:00","28.00"
"10.01.2020 01:00 - 10.01.2020 02:00","27.60"
"10.01.2020 02:00 - 10.01.2020 03:00","28.12"
"10.01.2020 03:00 - 10.01.2020 04:00","26.75"
"10.01.2020 04:00 - 10.01.2020 05:00","27.07"
"10.01.2020 05:00 - 10.01.2020 06:00","27.95"
"10.01.2020 06:00 - 10.01.2020 07:00","29.18"
"10.01.2020 07:00 - 10.01.2020 08:00","43.29"
"10.01.2020 08:00 - 10.01.2020 09:00","47.40"
"10.01.2020 09:00 - 10.01.2020 10:00","53.63"
"10.01.2020 10:00 - 10.01.2020 11:00","54.33"
"10.01.2020 11:00 - 10.01.2020 12:00","50.39"
"10.01.2020 12:00 - 10.01.2020 13:00","42.56"
"10.01.2020 13:00 - 10.01.2020 14:00","37.71"
"10.01.2020 14:00 - 10.01.2020 15:00","37.27"
"10.01.2020 15:00 - 10.01.2020 16:00","37.73"
"10.01.2020 16:00 - 10.01.2020 17:00","42.69"
"10.01.2020 17:00 - 10.01.2020 18:00","48.94"
"10.01.2020 18:00 - 10.01.2020 19:00","52.00"
"10.01.2020 19:00 - 10.01.2020 20:00","47.68"
"10.01.2020 20:00 - 10.01.2020 21:00","45.03"
"10.01.2020 21:00 - 10.01.2020 22:00","41.29"
"10.01.2020 22:00 - 10.01.2020 23:00","39.90"
"10.01.2020 23:00 - 11.01.2020 00:00","33.04"
"11.01.2020 00:00 - 11.01.2020 01:00","35.01"
"11.01.2020 01:00 - 11.01.2020 02:00","34.00"
"11.01.2020 02:00 - 11.01.2020 03:00","31.43"
"11.01.2020 03:00 - 11.01.2020 04:00","29.14"
"11.01.2020 04:00 - 11.01.2020 05:00","28.84"
"11.01.2020 05:00 - 11.01.2020 06:00","28.43"
"11.01.2020 06:00 - 11.01.2020 07:00","28.85"
"11.01.2020 07:00 - 11.01.2020 08:00","30.29"
"11.01.2020 08:00 - 11.01.2020 09:00","35.68"
"11.01.2020 09:00 - 11.01.2020 10:00","40.00"
"11.01.2020 10:00 - 11.01.2020 11:00","37.97"
"11.01.2020 11:00 - 11.01.2020 12:00","37.90"
"11.01.2020 12:00 - 11.01.2020 13:00","34.70"
"11.01.2020 13:00 - 11.01.2020 14:00","32.98"
"11.01.2020 14:00 - 11.01.2020 15:00","31.45"
"11.01.2020 15:00 - 11.01.2020 16:00","32.25"
"11.01.2020 16:00 - 11.01.2020 17:00","32.55"
"11.01.2020 17:00 - 11.01.2020 18:00","40.62"
"11.01.2020 18:00 - 11.01.2020 19:00","44.50"
"11.01.2020 19:00 - 11.01.2020 20:00","33.76"
"11.01.2020 20:00 - 11.01.2020 21:00","32.00"
"11.01.2020 21:00 - 11.01.2020 22:00","28.39"
"11.01.2020 22:00 - 11.01.2020 23:00","29.90"
"11.01.2020 23:00 - 12.01.2020 00:00","26.50"
"12.01.2020 00:00 - 12.01.2020 01:00","25.26"
"12.01.2020 01:00 - 12.01.2020 02:00","23.79"
"12.01.2020 02:00 - 12.01.2020 03:00","25.10"
"12.01.2020 03:00 - 12.01.2020 04:00","23.75"
"12.01.2020 04:00 - 12.01.2020 05:00","23.31"
"12.01.2020 05:00 - 12.01.2020 06:00","23.58"
"12.01.2020 06:00 - 12.01.2020 07:00","24.90"
"12.01.2020 07:00 - 12.01.2020 08:00","29.60"
"12.01.2020 08:00 - 12.01.2020 09:00","28.60"
"12.01.2020 09:00 - 12.01.2020 10:00","28.60"
"12.01.2020 10:00 - 12.01.2020 11:00","28.60"
"12.01.2020 11:00 - 12.01.2020 12:00","30.90"
"12.01.2020 12:00 - 12.01.2020 13:00","30.90"
"12.01.2020 13:00 - 12.01.2020 14:00","29.50"
"12.01.2020 14:00 - 12.01.2020 15:00","30.90"
"12.01.2020 15:00 - 12.01.2020 16:00","29.90"
"12.01.2020 16:00 - 12.01.2020 17:00","30.23"
"12.01.2020 17:00 - 12.01.2020 18:00","35.22"
"12.01.2020 18:00 - 12.01.2020 19:00","46.87"
"12.01.2020 19:00 - 12.01.2020 20:00","46.47"
"12.01.2020 20:00 - 12.01.2020 21:00","46.51"
"12.01.2020 21:00 - 12.01.2020 22:00","32.07"
"12.01.2020 22:00 - 12.01.2020 23:00","38.10"
"12.01.2020 23:00 - 13.01.2020 00:00","29.90"
"13.01.2020 00:00 - 13.01.2020 01:00","29.13"
"13.01.2020 01:00 - 13.01.2020 02:00","26.80"
"13.01.2020 02:00 - 13.01.2020 03:00","25.47"
"13.01.2020 03:00 - 13.01.2020 04:00","24.95"
"13.01.2020 04:00 - 13.01.2020 05:00","25.12"
"13.01.2020 05:00 - 13.01.2020 06:00","27.32"
"13.01.2020 06:00 - 13.01.2020 07:00","37.87"
"13.01.2020 07:00 - 13.01.2020 08:00","48.64"
"13.01.2020 08:00 - 13.01.2020 09:00","52.93"
"13.01.2020 09:00 - 13.01.2020 10:00","49.89"
"13.01.2020 10:00 - 13.01.2020 11:00","48.89"
"13.01.2020 11:00 - 13.01.2020 12:00","47.20"
"13.01.2020 12:00 - 13.01.2020 13:00","47.00"
"13.01.2020 13:00 - 13.01.2020 14:00","45.95"
"13.01.2020 14:00 - 13.01.2020 15:00","45.00"
"13.01.2020 15:00 - 13.01.2020 16:00","45.35"
"13.01.2020 16:00 - 13.01.2020 17:00","43.53"
"13.01.2020 17:00 - 13.01.2020 18:00","46.81"
"13.01.2020 18:00 - 13.01.2020 19:00","45.27"
"13.01.2020 19:00 - 13.01.2020 20:00","41.78"
"13.01.2020 20:00 - 13.01.2020 21:00","31.90"
"13.01.2020 21:00 - 13.01.2020 22:00","26.97"
"13.01.2020 22:00 - 13.01.2020 23:00","26.37"
"13.01.2020 23:00 - 14.01.2020 00:00","23.98"
"14.01.2020 00:00 - 14.01.2020 01:00","23.10"
"14.01.2020 01:00 - 14.01.2020 02:00","19.67"
"14.01.2020 02:00 - 14.01.2020 03:00","14.61"
"14.01.2020 03:00 - 14.01.2020 04:00","8.93"
"14.01.2020 04:00 - 14.01.2020 05:00","8.24"
"14.01.2020 05:00 - 14.01.2020 06:00","17.29"
"14.01.2020 06:00 - 14.01.2020 07:00","27.40"
"14.01.2020 07:00 - 14.01.2020 08:00","31.74"
"14.01.2020 08:00 - 14.01.2020 09:00","35.91"
"14.01.2020 09:00 - 14.01.2020 10:00","39.57"
"14.01.2020 10:00 - 14.01.2020 11:00","39.85"
"14.01.2020 11:00 - 14.01.2020 12:00","39.87"
"14.01.2020 12:00 - 14.01.2020 13:00","35.00"
"14.01.2020 13:00 - 14.01.2020 14:00","30.00"
"14.01.2020 14:00 - 14.01.2020 15:00","34.49"
"14.01.2020 15:00 - 14.01.2020 16:00","32.99"
"14.01.2020 16:00 - 14.01.2020 17:00","32.38"
"14.01.2020 17:00 - 14.01.2020 18:00","38.00"
"14.01.2020 18:00 - 14.01.2020 19:00","35.10"
"14.01.2020 19:00 - 14.01.2020 20:00","30.10"
"14.01.2020 20:00 - 14.01.2020 21:00","30.00"
"14.01.2020 21:00 - 14.01.2020 22:00","31.16"
"14.01.2020 22:00 - 14.01.2020 23:00","29.16"
"14.01.2020 23:00 - 15.01.2020 00:00","27.50"
"15.01.2020 00:00 - 15.01.2020 01:00","25.18"
"15.01.2020 01:00 - 15.01.2020 02:00","23.00"
"15.01.2020 02:00 - 15.01.2020 03:00","21.66"
"15.01.2020 03:00 - 15.01.2020 04:00","21.19"
"15.01.2020 04:00 - 15.01.2020 05:00","11.10"
"15.01.2020 05:00 - 15.01.2020 06:00","19.29"
"15.01.2020 06:00 - 15.01.2020 07:00","28.56"
"15.01.2020 07:00 - 15.01.2020 08:00","38.26"
"15.01.2020 08:00 - 15.01.2020 09:00","36.73"
"15.01.2020 09:00 - 15.01.2020 10:00","33.91"
"15.01.2020 10:00 - 15.01.2020 11:00","30.00"
"15.01.2020 11:00 - 15.01.2020 12:00","31.23"
"15.01.2020 12:00 - 15.01.2020 13:00","30.64"
"15.01.2020 13:00 - 15.01.2020 14:00","30.00"
"15.01.2020 14:00 - 15.01.2020 15:00","35.00"
"15.01.2020 15:00 - 15.01.2020 16:00","36.17"
"15.01.2020 16:00 - 15.01.2020 17:00","39.23"
"15.01.2020 17:00 - 15.01.2020 18:00","48.74"
"15.01.2020 18:00 - 15.01.2020 19:00","44.90"
"15.01.2020 19:00 - 15.01.2020 20:00","44.21"
"15.01.2020 20:00 - 15.01.2020 21:00","34.01"
"15.01.2020 21:00 - 15.01.2020 22:00","29.90"
"15.01.2020 22:00 - 15.01.2020 23:00","33.90"
"15.01.2020 23:00 - 16.01.2020 00:00","30.73"
"16.01.2020 00:00 - 16.01.2020 01:00","28.81"
"16.01.2020 01:00 - 16.01.2020 02:00","29.54"
"16.01.2020 02:00 - 16.01.2020 03:00","29.18"
"16.01.2020 03:00 - 16.01.2020 04:00","28.34"
"16.01.2020 04:00 - 16.01.2020 05:00","28.30"
"16.01.2020 05:00 - 16.01.2020 06:00","28.86"
"16.01.2020 06:00 - 16.01.2020 07:00","38.47"
"16.01.2020 07:00 - 16.01.2020 08:00","44.97"
"16.01.2020 08:00 - 16.01.2020 09:00","52.40"
"16.01.2020 09:00 - 16.01.2020 10:00","47.00"
"16.01.2020 10:00 - 16.01.2020 11:00","43.51"
"16.01.2020 11:00 - 16.01.2020 12:00","42.10"
"16.01.2020 12:00 - 16.01.2020 13:00","40.10"
"16.01.2020 13:00 - 16.01.2020 14:00","40.66"
"16.01.2020 14:00 - 16.01.2020 15:00","41.41"
"16.01.2020 15:00 - 16.01.2020 16:00","43.85"
"16.01.2020 16:00 - 16.01.2020 17:00","44.96"
"16.01.2020 17:00 - 16.01.2020 18:00","43.08"
"16.01.2020 18:00 - 16.01.2020 19:00","41.99"
"16.01.2020 19:00 - 16.01.2020 20:00","38.86"
"16.01.2020 20:00 - 16.01.2020 21:00","32.22"
"16.01.2020 21:00 - 16.01.2020 22:00","30.80"
"16.01.2020 22:00 - 16.01.2020 23:00","30.00"
"16.01.2020 23:00 - 17.01.2020 00:00","29.32"
"17.01.2020 00:00 - 17.01.2020 01:00","27.36"
"17.01.2020 01:00 - 17.01.2020 02:00","27.16"
"17.01.2020 02:00 - 17.01.2020 03:00","26.58"
"17.01.2020 03:00 - 17.01.2020 04:00","25.71"
"17.01.2020 04:00 - 17.01.2020 05:00","26.01"
"17.01.2020 05:00 - 17.01.2020 06:00","27.97"
"17.01.2020 06:00 - 17.01.2020 07:00","30.06"
"17.01.2020 07:00 - 17.01.2020 08:00","40.19"
"17.01.2020 08:00 - 17.01.2020 09:00","43.80"
"17.01.2020 09:00 - 17.01.2020 10:00","43.19"
"17.01.2020 10:00 - 17.01.2020 11:00","44.32"
"17.01.2020 11:00 - 17.01.2020 12:00","43.82"
"17.01.2020 12:00 - 17.01.2020 13:00","41.37"
"17.01.2020 13:00 - 17.01.2020 14:00","39.98"
"17.01.2020 14:00 - 17.01.2020 15:00","39.02"
"17.01.2020 15:00 - 17.01.2020 16:00","41.49"
"17.01.2020 16:00 - 17.01.2020 17:00","42.24"
"17.01.2020 17:00 - 17.01.2020 18:00","45.63"
"17.01.2020 18:00 - 17.01.2020 19:00","46.00"
"17.01.2020 19:00 - 17.01.2020 20:00","44.66"
"17.01.2020 20:00 - 17.01.2020 21:00","40.99"
"17.01.2020 21:00 - 17.01.2020 22:00","33.90"
"17.01.2020 22:00 - 17.01.2020 23:00","33.38"
"17.01.2020 23:00 - 18.01.2020 00:00","33.00"
"18.01.2020 00:00 - 18.01.2020 01:00","27.34"
"18.01.2020 01:00 - 18.01.2020 02:00","27.20"
"18.01.2020 02:00 - 18.01.2020 03:00","26.71"
"18.01.2020 03:00 - 18.01.2020 04:00","25.96"
"18.01.2020 04:00 - 18.01.2020 05:00","26.01"
"18.01.2020 05:00 - 18.01.2020 06:00","26.55"
"18.01.2020 06:00 - 18.01.2020 07:00","27.35"
"18.01.2020 07:00 - 18.01.2020 08:00","30.10"
"18.01.2020 08:00 - 18.01.2020 09:00","32.24"
"18.01.2020 09:00 - 18.01.2020 10:00","38.65"
"18.01.2020 10:00 - 18.01.2020 11:00","35.00"
"18.01.2020 11:00 - 18.01.2020 12:00","29.90"
"18.01.2020 12:00 - 18.01.2020 13:00","29.90"
"18.01.2020 13:00 - 18.01.2020 14:00","34.90"
"18.01.2020 14:00 - 18.01.2020 15:00","34.78"
"18.01.2020 15:00 - 18.01.2020 16:00","35.09"
"18.01.2020 16:00 - 18.01.2020 17:00","37.27"
"18.01.2020 17:00 - 18.01.2020 18:00","41.30"
"18.01.2020 18:00 - 18.01.2020 19:00","43.04"
"18.01.2020 19:00 - 18.01.2020 20:00","41.91"
"18.01.2020 20:00 - 18.01.2020 21:00","37.40"
"18.01.2020 21:00 - 18.01.2020 22:00","35.13"
"18.01.2020 22:00 - 18.01.2020 23:00","32.40"
"18.01.2020 23:00 - 19.01.2020 00:00","33.40"
"19.01.2020 00:00 - 19.01.2020 01:00","33.10"
"19.01.2020 01:00 - 19.01.2020 02:00","30.71"
"19.01.2020 02:00 - 19.01.2020 03:00","28.88"
"19.01.2020 03:00 - 19.01.2020 04:00","28.70"
"19.01.2020 04:00 - 19.01.2020 05:00","27.63"
"19.01.2020 05:00 - 19.01.2020 06:00","27.00"
"19.01.2020 06:00 - 19.01.2020 07:00","27.70"
"19.01.2020 07:00 - 19.01.2020 08:00","29.91"
"19.01.2020 08:00 - 19.01.2020 09:00","31.47"
"19.01.2020 09:00 - 19.01.2020 10:00","35.14"
"19.01.2020 10:00 - 19.01.2020 11:00","35.20"
"19.01.2020 11:00 - 19.01.2020 12:00","34.45"
"19.01.2020 12:00 - 19.01.2020 13:00","33.36"
"19.01.2020 13:00 - 19.01.2020 14:00","29.90"
"19.01.2020 14:00 - 19.01.2020 15:00","28.74"
"19.01.2020 15:00 - 19.01.2020 16:00","29.75"
"19.01.2020 16:00 - 19.01.2020 17:00","31.02"
"19.01.2020 17:00 - 19.01.2020 18:00","42.11"
"19.01.2020 18:00 - 19.01.2020 19:00","44.24"
"19.01.2020 19:00 - 19.01.2020 20:00","43.89"
"19.01.2020 20:00 - 19.01.2020 21:00","41.14"
"19.01.2020 21:00 - 19.01.2020 22:00","36.74"
"19.01.2020 22:00 - 19.01.2020 23:00","40.00"
"19.01.2020 23:00 - 20.01.2020 00:00","36.15"
"20.01.2020 00:00 - 20.01.2020 01:00","34.24"
"20.01.2020 01:00 - 20.01.2020 02:00","34.01"
"20.01.2020 02:00 - 20.01.2020 03:00","33.08"
"20.01.2020 03:00 - 20.01.2020 04:00","32.10"
"20.01.2020 04:00 - 20.01.2020 05:00","31.50"
"20.01.2020 05:00 - 20.01.2020 06:00","33.12"
"20.01.2020 06:00 - 20.01.2020 07:00","45.63"
"20.01.2020 07:00 - 20.01.2020 08:00","55.67"
"20.01.2020 08:00 - 20.01.2020 09:00","60.00"
"20.01.2020 09:00 - 20.01.2020 10:00","57.01"
"20.01.2020 10:00 - 20.01.2020 11:00","50.63"
"20.01.2020 11:00 - 20.01.2020 12:00","48.17"
"20.01.2020 12:00 - 20.01.2020 13:00","43.96"
"20.01.2020 13:00 - 20.01.2020 14:00","43.02"
"20.01.2020 14:00 - 20.01.2020 15:00","43.11"
"20.01.2020 15:00 - 20.01.2020 16:00","44.95"
"20.01.2020 16:00 - 20.01.2020 17:00","46.00"
"20.01.2020 17:00 - 20.01.2020 18:00","55.91"
"20.01.2020 18:00 - 20.01.2020 19:00","57.05"
"20.01.2020 19:00 - 20.01.2020 20:00","54.02"
"20.01.2020 20:00 - 20.01.2020 21:00","48.68"
"20.01.2020 21:00 - 20.01.2020 22:00","44.48"
"20.01.2020 22:00 - 20.01.2020 23:00","40.42"
"20.01.2020 23:00 - 21.01.2020 00:00","32.00"
"21.01.2020 00:00 - 21.01.2020 01:00","30.77"
"21.01.2020 01:00 - 21.01.2020 02:00","31.00"
"21.01.2020 02:00 - 21.01.2020 03:00","28.57"
"21.01.2020 03:00 - 21.01.2020 04:00","30.26"
"21.01.2020 04:00 - 21.01.2020 05:00","31.00"
"21.01.2020 05:00 - 21.01.2020 06:00","29.56"
"21.01.2020 06:00 - 21.01.2020 07:00","33.44"
"21.01.2020 07:00 - 21.01.2020 08:00","48.24"
"21.01.2020 08:00 - 21.01.2020 09:00","63.39"
"21.01.2020 09:00 - 21.01.2020 10:00","65.41"
"21.01.2020 10:00 - 21.01.2020 11:00","60.80"
"21.01.2020 11:00 - 21.01.2020 12:00","55.11"
"21.01.2020 12:00 - 21.01.2020 13:00","47.76"
"21.01.2020 13:00 - 21.01.2020 14:00","45.44"
"21.01.2020 14:00 - 21.01.2020 15:00","47.98"
"21.01.2020 15:00 - 21.01.2020 16:00","47.71"
"21.01.2020 16:00 - 21.01.2020 17:00","49.98"
"21.01.2020 17:00 - 21.01.2020 18:00","60.58"
"21.01.2020 18:00 - 21.01.2020 19:00","67.15"
"21.01.2020 19:00 - 21.01.2020 20:00","57.19"
"21.01.2020 20:00 - 21.01.2020 21:00","49.67"
"21.01.2020 21:00 - 21.01.2020 22:00","40.43"
"21.01.2020 22:00 - 21.01.2020 23:00","35.00"
"21.01.2020 23:00 - 22.01.2020 00:00","30.00"
"22.01.2020 00:00 - 22.01.2020 01:00","29.99"
"22.01.2020 01:00 - 22.01.2020 02:00","29.99"
"22.01.2020 02:00 - 22.01.2020 03:00","28.99"
"22.01.2020 03:00 - 22.01.2020 04:00","30.30"
"22.01.2020 04:00 - 22.01.2020 05:00","31.67"
"22.01.2020 05:00 - 22.01.2020 06:00","31.83"
"22.01.2020 06:00 - 22.01.2020 07:00","38.43"
"22.01.2020 07:00 - 22.01.2020 08:00","49.26"
"22.01.2020 08:00 - 22.01.2020 09:00","60.65"
"22.01.2020 09:00 - 22.01.2020 10:00","64.25"
"22.01.2020 10:00 - 22.01.2020 11:00","65.01"
"22.01.2020 11:00 - 22.01.2020 12:00","60.78"
"22.01.2020 12:00 - 22.01.2020 13:00","58.00"
"22.01.2020 13:00 - 22.01.2020 14:00","58.42"
"22.01.2020 14:00 - 22.01.2020 15:00","50.07"
"22.01.2020 15:00 - 22.01.2020 16:00","52.40"
"22.01.2020 16:00 - 22.01.2020 17:00","55.63"
"22.01.2020 17:00 - 22.01.2020 18:00","62.07"
"22.01.2020 18:00 - 22.01.2020 19:00","65.09"
"22.01.2020 19:00 - 22.01.2020 20:00","59.58"
"22.01.2020 20:00 - 22.01.2020 21:00","52.52"
"22.01.2020 21:00 - 22.01.2020 22:00","47.01"
"22.01.2020 22:00 - 22.01.2020 23:00","43.99"
"22.01.2020 23:00 - 23.01.2020 00:00","39.04"
"23.01.2020 00:00 - 23.01.2020 01:00","37.91"
"23.01.2020 01:00 - 23.01.2020 02:00","35.00"
"23.01.2020 02:00 - 23.01.2020 03:00","30.10"
"23.01.2020 03:00 - 23.01.2020 04:00","34.34"
"23.01.2020 04:00 - 23.01.2020 05:00","34.44"
"23.01.2020 05:00 - 23.01.2020 06:00","29.99"
"23.01.2020 06:00 - 23.01.2020 07:00","47.00"
"23.01.2020 07:00 - 23.01.2020 08:00","58.74"
"23.01.2020 08:00 - 23.01.2020 09:00","66.62"
"23.01.2020 09:00 - 23.01.2020 10:00","64.86"
"23.01.2020 10:00 - 23.01.2020 11:00","61.68"
"23.01.2020 11:00 - 23.01.2020 12:00","57.42"
"23.01.2020 12:00 - 23.01.2020 13:00","55.36"
"23.01.2020 13:00 - 23.01.2020 14:00","53.68"
"23.01.2020 14:00 - 23.01.2020 15:00","51.20"
"23.01.2020 15:00 - 23.01.2020 16:00","53.54"
"23.01.2020 16:00 - 23.01.2020 17:00","54.75"
"23.01.2020 17:00 - 23.01.2020 18:00","62.35"
"23.01.2020 18:00 - 23.01.2020 19:00","68.64"
"23.01.2020 19:00 - 23.01.2020 20:00","60.40"
"23.01.2020 20:00 - 23.01.2020 21:00","55.53"
"23.01.2020 21:00 - 23.01.2020 22:00","47.16"
"23.01.2020 22:00 - 23.01.2020 23:00","43.90"
"23.01.2020 23:00 - 24.01.2020 00:00","40.37"
"24.01.2020 00:00 - 24.01.2020 01:00","35.19"
"24.01.2020 01:00 - 24.01.2020 02:00","35.72"
"24.01.2020 02:00 - 24.01.2020 03:00","35.18"
"24.01.2020 03:00 - 24.01.2020 04:00","34.12"
"24.01.2020 04:00 - 24.01.2020 05:00","34.47"
"24.01.2020 05:00 - 24.01.2020 06:00","30.00"
"24.01.2020 06:00 - 24.01.2020 07:00","42.45"
"24.01.2020 07:00 - 24.01.2020 08:00","58.29"
"24.01.2020 08:00 - 24.01.2020 09:00","66.74"
"24.01.2020 09:00 - 24.01.2020 10:00","65.00"
"24.01.2020 10:00 - 24.01.2020 11:00","61.12"
"24.01.2020 11:00 - 24.01.2020 12:00","58.84"
"24.01.2020 12:00 - 24.01.2020 13:00","56.61"
"24.01.2020 13:00 - 24.01.2020 14:00","53.29"
"24.01.2020 14:00 - 24.01.2020 15:00","52.00"
"24.01.2020 15:00 - 24.01.2020 16:00","53.06"
"24.01.2020 16:00 - 24.01.2020 17:00","54.01"
"24.01.2020 17:00 - 24.01.2020 18:00","60.79"
"24.01.2020 18:00 - 24.01.2020 19:00","65.10"
"24.01.2020 19:00 - 24.01.2020 20:00","59.55"
"24.01.2020 20:00 - 24.01.2020 21:00","45.14"
"24.01.2020 21:00 - 24.01.2020 22:00","43.27"
"24.01.2020 22:00 - 24.01.2020 23:00","42.51"
"24.01.2020 23:00 - 25.01.2020 00:00","33.50"
"25.01.2020 00:00 - 25.01.2020 01:00","27.10"
"25.01.2020 01:00 - 25.01.2020 02:00","28.11"
"25.01.2020 02:00 - 25.01.2020 03:00","27.30"
"25.01.2020 03:00 - 25.01.2020 04:00","26.50"
"25.01.2020 04:00 - 25.01.2020 05:00","27.10"
"25.01.2020 05:00 - 25.01.2020 06:00","27.10"
"25.01.2020 06:00 - 25.01.2020 07:00","29.00"
"25.01.2020 07:00 - 25.01.2020 08:00","35.00"
"25.01.2020 08:00 - 25.01.2020 09:00","39.90"
"25.01.2020 09:00 - 25.01.2020 10:00","43.34"
"25.01.2020 10:00 - 25.01.2020 11:00","45.77"
"25.01.2020 11:00 - 25.01.2020 12:00","44.70"
"25.01.2020 12:00 - 25.01.2020 13:00","43.36"
"25.01.2020 13:00 - 25.01.2020 14:00","39.38"
"25.01.2020 14:00 - 25.01.2020 15:00","37.18"
"25.01.2020 15:00 - 25.01.2020 16:00","40.51"
"25.01.2020 16:00 - 25.01.2020 17:00","42.44"
"25.01.2020 17:00 - 25.01.2020 18:00","46.25"
"25.01.2020 18:00 - 25.01.2020 19:00","49.99"
"25.01.2020 19:00 - 25.01.2020 20:00","45.84"
"25.01.2020 20:00 - 25.01.2020 21:00","38.50"
"25.01.2020 21:00 - 25.01.2020 22:00","29.50"
"25.01.2020 22:00 - 25.01.2020 23:00","27.10"
"25.01.2020 23:00 - 26.01.2020 00:00","27.50"
"26.01.2020 00:00 - 26.01.2020 01:00","34.19"
"26.01.2020 01:00 - 26.01.2020 02:00","33.30"
"26.01.2020 02:00 - 26.01.2020 03:00","32.40"
"26.01.2020 03:00 - 26.01.2020 04:00","29.84"
"26.01.2020 04:00 - 26.01.2020 05:00","29.33"
"26.01.2020 05:00 - 26.01.2020 06:00","28.10"
"26.01.2020 06:00 - 26.01.2020 07:00","28.11"
"26.01.2020 07:00 - 26.01.2020 08:00","29.49"
"26.01.2020 08:00 - 26.01.2020 09:00","31.17"
"26.01.2020 09:00 - 26.01.2020 10:00","34.09"
"26.01.2020 10:00 - 26.01.2020 11:00","38.37"
"26.01.2020 11:00 - 26.01.2020 12:00","41.05"
"26.01.2020 12:00 - 26.01.2020 13:00","41.86"
"26.01.2020 13:00 - 26.01.2020 14:00","38.23"
"26.01.2020 14:00 - 26.01.2020 15:00","36.03"
"26.01.2020 15:00 - 26.01.2020 16:00","34.56"
"26.01.2020 16:00 - 26.01.2020 17:00","34.79"
"26.01.2020 17:00 - 26.01.2020 18:00","39.99"
"26.01.2020 18:00 - 26.01.2020 19:00","42.00"
"26.01.2020 19:00 - 26.01.2020 20:00","29.78"
"26.01.2020 20:00 - 26.01.2020 21:00","29.98"
"26.01.2020 21:00 - 26.01.2020 22:00","27.40"
"26.01.2020 22:00 - 26.01.2020 23:00","26.91"
"26.01.2020 23:00 - 27.01.2020 00:00","26.09"
"27.01.2020 00:00 - 27.01.2020 01:00","25.30"
"27.01.2020 01:00 - 27.01.2020 02:00","26.60"
"27.01.2020 02:00 - 27.01.2020 03:00","25.21"
"27.01.2020 03:00 - 27.01.2020 04:00","23.39"
"27.01.2020 04:00 - 27.01.2020 05:00","21.16"
"27.01.2020 05:00 - 27.01.2020 06:00","24.60"
"27.01.2020 06:00 - 27.01.2020 07:00","21.40"
"27.01.2020 07:00 - 27.01.2020 08:00","28.40"
"27.01.2020 08:00 - 27.01.2020 09:00","40.65"
"27.01.2020 09:00 - 27.01.2020 10:00","38.90"
"27.01.2020 10:00 - 27.01.2020 11:00","41.20"
"27.01.2020 11:00 - 27.01.2020 12:00","37.41"
"27.01.2020 12:00 - 27.01.2020 13:00","29.00"
"27.01.2020 13:00 - 27.01.2020 14:00","34.60"
"27.01.2020 14:00 - 27.01.2020 15:00","42.22"
"27.01.2020 15:00 - 27.01.2020 16:00","44.32"
"27.01.2020 16:00 - 27.01.2020 17:00","42.84"
"27.01.2020 17:00 - 27.01.2020 18:00","47.08"
"27.01.2020 18:00 - 27.01.2020 19:00","51.21"
"27.01.2020 19:00 - 27.01.2020 20:00","47.12"
"27.01.2020 20:00 - 27.01.2020 21:00","39.90"
"27.01.2020 21:00 - 27.01.2020 22:00","30.30"
"27.01.2020 22:00 - 27.01.2020 23:00","30.00"
"27.01.2020 23:00 - 28.01.2020 00:00","28.40"
"28.01.2020 00:00 - 28.01.2020 01:00","27.25"
"28.01.2020 01:00 - 28.01.2020 02:00","26.84"
"28.01.2020 02:00 - 28.01.2020 03:00","25.64"
"28.01.2020 03:00 - 28.01.2020 04:00","24.99"
"28.01.2020 04:00 - 28.01.2020 05:00","25.10"
"28.01.2020 05:00 - 28.01.2020 06:00","26.13"
"28.01.2020 06:00 - 28.01.2020 07:00","26.50"
"28.01.2020 07:00 - 28.01.2020 08:00","41.64"
"28.01.2020 08:00 - 28.01.2020 09:00","44.94"
"28.01.2020 09:00 - 28.01.2020 10:00","44.33"
"28.01.2020 10:00 - 28.01.2020 11:00","42.47"
"28.01.2020 11:00 - 28.01.2020 12:00","37.40"
"28.01.2020 12:00 - 28.01.2020 13:00","33.98"
"28.01.2020 13:00 - 28.01.2020 14:00","30.00"
"28.01.2020 14:00 - 28.01.2020 15:00","28.00"
"28.01.2020 15:00 - 28.01.2020 16:00","28.20"
"28.01.2020 16:00 - 28.01.2020 17:00","30.00"
"28.01.2020 17:00 - 28.01.2020 18:00","39.83"
"28.01.2020 18:00 - 28.01.2020 19:00","39.98"
"28.01.2020 19:00 - 28.01.2020 20:00","30.79"
"28.01.2020 20:00 - 28.01.2020 21:00","26.59"
"28.01.2020 21:00 - 28.01.2020 22:00","28.20"
"28.01.2020 22:00 - 28.01.2020 23:00","28.00"
"28.01.2020 23:00 - 29.01.2020 00:00","25.30"
"29.01.2020 00:00 - 29.01.2020 01:00","25.70"
"29.01.2020 01:00 - 29.01.2020 02:00","26.93"
"29.01.2020 02:00 - 29.01.2020 03:00","20.36"
"29.01.2020 03:00 - 29.01.2020 04:00","20.83"
"29.01.2020 04:00 - 29.01.2020 05:00","21.40"
"29.01.2020 05:00 - 29.01.2020 06:00","25.80"
"29.01.2020 06:00 - 29.01.2020 07:00","29.03"
"29.01.2020 07:00 - 29.01.2020 08:00","41.12"
"29.01.2020 08:00 - 29.01.2020 09:00","44.41"
"29.01.2020 09:00 - 29.01.2020 10:00","41.85"
"29.01.2020 10:00 - 29.01.2020 11:00","40.82"
"29.01.2020 11:00 - 29.01.2020 12:00","35.57"
"29.01.2020 12:00 - 29.01.2020 13:00","29.90"
"29.01.2020 13:00 - 29.01.2020 14:00","32.40"
"29.01.2020 14:00 - 29.01.2020 15:00","34.24"
"29.01.2020 15:00 - 29.01.2020 16:00","37.92"
"29.01.2020 16:00 - 29.01.2020 17:00","39.02"
"29.01.2020 17:00 - 29.01.2020 18:00","42.89"
"29.01.2020 18:00 - 29.01.2020 19:00","45.01"
"29.01.2020 19:00 - 29.01.2020 20:00","45.10"
"29.01.2020 20:00 - 29.01.2020 21:00","40.39"
"29.01.2020 21:00 - 29.01.2020 22:00","33.02"
"29.01.2020 22:00 - 29.01.2020 23:00","29.79"
"29.01.2020 23:00 - 30.01.2020 00:00","27.59"
"30.01.2020 00:00 - 30.01.2020 01:00","29.00"
"30.01.2020 01:00 - 30.01.2020 02:00","27.46"
"30.01.2020 02:00 - 30.01.2020 03:00","25.54"
"30.01.2020 03:00 - 30.01.2020 04:00","24.90"
"30.01.2020 04:00 - 30.01.2020 05:00","24.99"
"30.01.2020 05:00 - 30.01.2020 06:00","26.61"
"30.01.2020 06:00 - 30.01.2020 07:00","31.83"
"30.01.2020 07:00 - 30.01.2020 08:00","45.90"
"30.01.2020 08:00 - 30.01.2020 09:00","46.20"
"30.01.2020 09:00 - 30.01.2020 10:00","49.04"
"30.01.2020 10:00 - 30.01.2020 11:00","50.09"
"30.01.2020 11:00 - 30.01.2020 12:00","48.31"
"30.01.2020 12:00 - 30.01.2020 13:00","46.05"
"30.01.2020 13:00 - 30.01.2020 14:00","40.00"
"30.01.2020 14:00 - 30.01.2020 15:00","37.53"
"30.01.2020 15:00 - 30.01.2020 16:00","35.51"
"30.01.2020 16:00 - 30.01.2020 17:00","37.53"
"30.01.2020 17:00 - 30.01.2020 18:00","43.71"
"30.01.2020 18:00 - 30.01.2020 19:00","43.01"
"30.01.2020 19:00 - 30.01.2020 20:00","41.10"
"30.01.2020 20:00 - 30.01.2020 21:00","31.13"
"30.01.2020 21:00 - 30.01.2020 22:00","29.04"
"30.01.2020 22:00 - 30.01.2020 23:00","28.97"
"30.01.2020 23:00 - 31.01.2020 00:00","29.16"
"31.01.2020 00:00 - 31.01.2020 01:00","24.03"
"31.01.2020 01:00 - 31.01.2020 02:00","18.38"
"31.01.2020 02:00 - 31.01.2020 03:00","19.75"
"31.01.2020 03:00 - 31.01.2020 04:00","17.29"
"31.01.2020 04:00 - 31.01.2020 05:00","16.21"
"31.01.2020 05:00 - 31.01.2020 06:00","20.39"
"31.01.2020 06:00 - 31.01.2020 07:00","25.40"
"31.01.2020 07:00 - 31.01.2020 08:00","37.67"
"31.01.2020 08:00 - 31.01.2020 09:00","40.11"
"31.01.2020 09:00 - 31.01.2020 10:00","43.15"
"31.01.2020 10:00 - 31.01.2020 11:00","40.00"
"31.01.2020 11:00 - 31.01.2020 12:00","37.95"
"31.01.2020 12:00 - 31.01.2020 13:00","39.00"
"31.01.2020 13:00 - 31.01.2020 14:00","32.50"
"31.01.2020 14:00 - 31.01.2020 15:00","29.00"
"31.01.2020 15:00 - 31.01.2020 16:00","30.07"
"31.01.2020 16:00 - 31.01.2020 17:00","28.10"
"31.01.2020 17:00 - 31.01.2020 18:00","33.78"
"31.01.2020 18:00 - 31.01.2020 19:00","37.05"
"31.01.2020 19:00 - 31.01.2020 20:00","32.58"
"31.01.2020 20:00 - 31.01.2020 21:00","29.36"
"31.01.2020 21:00 - 31.01.2020 22:00","29.00"
"31.01.2020 22:00 - 31.01.2020 23:00","29.00"
"31.01.2020 23:00 - 01.02.2020 00:00","25.40"
"01.02.2020 00:00 - 01.02.2020 01:00","19.00"
"01.02.2020 01:00 - 01.02.2020 02:00","23.50"
"01.02.2020 02:00 - 01.02.2020 03:00","21.00"
"01.02.2020 03:00 - 01.02.2020 04:00","15.51"
"01.02.2020 04:00 - 01.02.2020 05:00","15.25"
"01.02.2020 05:00 - 01.02.2020 06:00","19.90"
"01.02.2020 06:00 - 01.02.2020 07:00","22.60"
"01.02.2020 07:00 - 01.02.2020 08:00","25.76"
"01.02.2020 08:00 - 01.02.2020 09:00","29.90"
"01.02.2020 09:00 - 01.02.2020 10:00","32.74"
"01.02.2020 10:00 - 01.02.2020 11:00","41.35"
"01.02.2020 11:00 - 01.02.2020 12:00","38.88"
"01.02.2020 12:00 - 01.02.2020 13:00","36.92"
"01.02.2020 13:00 - 01.02.2020 14:00","34.60"
"01.02.2020 14:00 - 01.02.2020 15:00","29.00"
"01.02.2020 15:00 - 01.02.2020 16:00","29.90"
"01.02.2020 16:00 - 01.02.2020 17:00","25.68"
"01.02.2020 17:00 - 01.02.2020 18:00","40.38"
"01.02.2020 18:00 - 01.02.2020 19:00","40.71"
"01.02.2020 19:00 - 01.02.2020 20:00","35.36"
"01.02.2020 20:00 - 01.02.2020 21:00","27.99"
"01.02.2020 21:00 - 01.02.2020 22:00","30.00"
"01.02.2020 22:00 - 01.02.2020 23:00","37.69"
"01.02.2020 23:00 - 02.02.2020 00:00","24.70"
"02.02.2020 00:00 - 02.02.2020 01:00","19.90"
"02.02.2020 01:00 - 02.02.2020 02:00","14.91"
"02.02.2020 02:00 - 02.02.2020 03:00","15.88"
"02.02.2020 03:00 - 02.02.2020 04:00","16.55"
"02.02.2020 04:00 - 02.02.2020 05:00","33.56"
"02.02.2020 05:00 - 02.02.2020 06:00","35.34"
"02.02.2020 06:00 - 02.02.2020 07:00","36.53"
"02.02.2020 07:00 - 02.02.2020 08:00","36.88"
"02.02.2020 08:00 - 02.02.2020 09:00","36.00"
"02.02.2020 09:00 - 02.02.2020 10:00","38.13"
"02.02.2020 10:00 - 02.02.2020 11:00","47.25"
"02.02.2020 11:00 - 02.02.2020 12:00","29.43"
"02.02.2020 12:00 - 02.02.2020 13:00","34.55"
"02.02.2020 13:00 - 02.02.2020 14:00","32.80"
"02.02.2020 14:00 - 02.02.2020 15:00","32.50"
"02.02.2020 15:00 - 02.02.2020 16:00","32.39"
"02.02.2020 16:00 - 02.02.2020 17:00","28.08"
"02.02.2020 17:00 - 02.02.2020 18:00","38.41"
"02.02.2020 18:00 - 02.02.2020 19:00","40.05"
"02.02.2020 19:00 - 02.02.2020 20:00","36.93"
"02.02.2020 20:00 - 02.02.2020 21:00","27.05"
"02.02.2020 21:00 - 02.02.2020 22:00","21.99"
"02.02.2020 22:00 - 02.02.2020 23:00","23.87"
"02.02.2020 23:00 - 03.02.2020 00:00","17.38"
"03.02.2020 00:00 - 03.02.2020 01:00","15.92"
"03.02.2020 01:00 - 03.02.2020 02:00","15.55"
"03.02.2020 02:00 - 03.02.2020 03:00","14.38"
"03.02.2020 03:00 - 03.02.2020 04:00","9.29"
"03.02.2020 04:00 - 03.02.2020 05:00","10.94"
"03.02.2020 05:00 - 03.02.2020 06:00","11.18"
"03.02.2020 06:00 - 03.02.2020 07:00","26.78"
"03.02.2020 07:00 - 03.02.2020 08:00","36.49"
"03.02.2020 08:00 - 03.02.2020 09:00","39.97"
"03.02.2020 09:00 - 03.02.2020 10:00","39.26"
"03.02.2020 10:00 - 03.02.2020 11:00","35.52"
"03.02.2020 11:00 - 03.02.2020 12:00","32.97"
"03.02.2020 12:00 - 03.02.2020 13:00","29.08"
"03.02.2020 13:00 - 03.02.2020 14:00","28.38"
"03.02.2020 14:00 - 03.02.2020 15:00","28.73"
"03.02.2020 15:00 - 03.02.2020 16:00","28.29"
"03.02.2020 16:00 - 03.02.2020 17:00","32.47"
"03.02.2020 17:00 - 03.02.2020 18:00","37.62"
"03.02.2020 18:00 - 03.02.2020 19:00","37.99"
"03.02.2020 19:00 - 03.02.2020 20:00","36.57"
"03.02.2020 20:00 - 03.02.2020 21:00","31.00"
"03.02.2020 21:00 - 03.02.2020 22:00","27.16"
"03.02.2020 22:00 - 03.02.2020 23:00","27.13"
"03.02.2020 23:00 - 04.02.2020 00:00","24.76"
"04.02.2020 00:00 - 04.02.2020 01:00","20.79"
"04.02.2020 01:00 - 04.02.2020 02:00","17.41"
"04.02.2020 02:00 - 04.02.2020 03:00","16.24"
"04.02.2020 03:00 - 04.02.2020 04:00","12.56"
"04.02.2020 04:00 - 04.02.2020 05:00","12.03"
"04.02.2020 05:00 - 04.02.2020 06:00","15.88"
"04.02.2020 06:00 - 04.02.2020 07:00","24.88"
"04.02.2020 07:00 - 04.02.2020 08:00","29.70"
"04.02.2020 08:00 - 04.02.2020 09:00","35.01"
"04.02.2020 09:00 - 04.02.2020 10:00","34.90"
"04.02.2020 10:00 - 04.02.2020 11:00","29.90"
"04.02.2020 11:00 - 04.02.2020 12:00","29.03"
"04.02.2020 12:00 - 04.02.2020 13:00","27.07"
"04.02.2020 13:00 - 04.02.2020 14:00","26.43"
"04.02.2020 14:00 - 04.02.2020 15:00","29.90"
"04.02.2020 15:00 - 04.02.2020 16:00","29.05"
"04.02.2020 16:00 - 04.02.2020 17:00","31.42"
"04.02.2020 17:00 - 04.02.2020 18:00","39.92"
"04.02.2020 18:00 - 04.02.2020 19:00","41.30"
"04.02.2020 19:00 - 04.02.2020 20:00","42.07"
"04.02.2020 20:00 - 04.02.2020 21:00","39.75"
"04.02.2020 21:00 - 04.02.2020 22:00","30.13"
"04.02.2020 22:00 - 04.02.2020 23:00","30.36"
"04.02.2020 23:00 - 05.02.2020 00:00","31.88"
"05.02.2020 00:00 - 05.02.2020 01:00","25.44"
"05.02.2020 01:00 - 05.02.2020 02:00","25.00"
"05.02.2020 02:00 - 05.02.2020 03:00","24.43"
"05.02.2020 03:00 - 05.02.2020 04:00","23.63"
"05.02.2020 04:00 - 05.02.2020 05:00","24.83"
"05.02.2020 05:00 - 05.02.2020 06:00","26.62"
"05.02.2020 06:00 - 05.02.2020 07:00","37.54"
"05.02.2020 07:00 - 05.02.2020 08:00","44.91"
"05.02.2020 08:00 - 05.02.2020 09:00","49.16"
"05.02.2020 09:00 - 05.02.2020 10:00","44.78"
"05.02.2020 10:00 - 05.02.2020 11:00","41.37"
"05.02.2020 11:00 - 05.02.2020 12:00","40.00"
"05.02.2020 12:00 - 05.02.2020 13:00","37.07"
"05.02.2020 13:00 - 05.02.2020 14:00","35.16"
"05.02.2020 14:00 - 05.02.2020 15:00","35.17"
"05.02.2020 15:00 - 05.02.2020 16:00","37.13"
"05.02.2020 16:00 - 05.02.2020 17:00","40.25"
"05.02.2020 17:00 - 05.02.2020 18:00","45.22"
"05.02.2020 18:00 - 05.02.2020 19:00","45.83"
"05.02.2020 19:00 - 05.02.2020 20:00","45.66"
"05.02.2020 20:00 - 05.02.2020 21:00","40.60"
"05.02.2020 21:00 - 05.02.2020 22:00","33.00"
"05.02.2020 22:00 - 05.02.2020 23:00","30.00"
"05.02.2020 23:00 - 06.02.2020 00:00","24.90"
"06.02.2020 00:00 - 06.02.2020 01:00","24.20"
"06.02.2020 01:00 - 06.02.2020 02:00","23.83"
"06.02.2020 02:00 - 06.02.2020 03:00","23.82"
"06.02.2020 03:00 - 06.02.2020 04:00","24.42"
"06.02.2020 04:00 - 06.02.2020 05:00","25.25"
"06.02.2020 05:00 - 06.02.2020 06:00","27.92"
"06.02.2020 06:00 - 06.02.2020 07:00","32.90"
"06.02.2020 07:00 - 06.02.2020 08:00","43.15"
"06.02.2020 08:00 - 06.02.2020 09:00","44.88"
"06.02.2020 09:00 - 06.02.2020 10:00","47.80"
"06.02.2020 10:00 - 06.02.2020 11:00","42.62"
"06.02.2020 11:00 - 06.02.2020 12:00","40.81"
"06.02.2020 12:00 - 06.02.2020 13:00","39.25"
"06.02.2020 13:00 - 06.02.2020 14:00","38.01"
"06.02.2020 14:00 - 06.02.2020 15:00","37.94"
"06.02.2020 15:00 - 06.02.2020 16:00","38.06"
"06.02.2020 16:00 - 06.02.2020 17:00","39.09"
"06.02.2020 17:00 - 06.02.2020 18:00","45.67"
"06.02.2020 18:00 - 06.02.2020 19:00","46.83"
"06.02.2020 19:00 - 06.02.2020 20:00","47.21"
"06.02.2020 20:00 - 06.02.2020 21:00","43.63"
"06.02.2020 21:00 - 06.02.2020 22:00","37.98"
"06.02.2020 22:00 - 06.02.2020 23:00","37.66"
"06.02.2020 23:00 - 07.02.2020 00:00","33.58"