sigma,overcommission,consumption,cost
0,3974751679145,190.075239094015,7010.38220850186
1,3980323667527,190.070601964482,7010.32937475893
2,3991810280381,190.062525295134,7010.1116080026
3,4007259145285,190.052399915385,7009.82160863935
4,4013693335728,190.049203585137,7009.67401670295
5,4037858614864,190.033566744649,7009.35559946711
6,4046409634907,190.030450716477,7009.4320923291
7,4049568580608,190.034900606515,7009.38097974096
8,4081147975774,190.016302688616,7008.86532510984
9,4080855098113,190.025090410238,7009.21795320644
10,4096080757556,190.024033892762,7009.02567433794
11,4105609637158,190.02587162442,7009.07036682351
12,4111879223822,190.032646087686,7009.23942148943
13,4103773750211,190.049042628876,7009.70200928612
14,4131704111113,190.038623791391,7009.66635100816
15,4127464800695,190.053884842083,7009.89188639631
16,4133575826851,190.059415583595,7010.17403252556
17,4117121089173,190.084668736395,7011.0325859548
18,4126016779264,190.088411965465,7011.29345252881
19,4113403560464,190.112087470914,7011.75717660109
20,4137886608185,190.101259410481,7011.63354699496
21,4128739715279,190.120779581822,7012.18021592675
22,4133879375300,190.12410070919,7012.75918670423
23,4135663036766,190.137539673847,7013.00834286468
24,4126575262094,190.153282872383,7013.69095191678
25,4131907852009,190.158805462567,7013.85609034986
26,4127350362668,190.17155073232,7014.33980116732
27,4119127431146,190.186999093706,7015.227218655
28,4099795191668,190.219331562531,7016.01878125207
29,4111384534900,190.216097710595,7016.26419868824
30,4112222286091,190.223929034986,7016.53610069936
31,4102443300563,190.241953084174,7017.18969242588
32,4088228332428,190.258072335891,7018.11427651711
33,4111470622772,190.245461968335,7017.87429663178
34,4119201901392,190.243595735869,7018.01286953628
35,4096225478764,190.273471595436,7019.10254778544
36,4102519852107,190.273948972228,7019.18176929494
37,4094784793873,190.285925769311,7019.74866887212
38,4095764050303,190.292796648238,7019.93017030829
39,4090420469857,190.309528066339,7020.70958632656
40,4090276180089,190.312617662725,7021.15698620967
41,4078193585510,190.332828336306,7022.12167223591
42,4075503105755,190.341890990267,7021.83958275136
43,4077675311809,190.338754090951,7022.58274542634
44,4068242948076,190.35538580302,7023.38155533245
45,4061957000042,190.363311560096,7023.17819576566
46,4083974870509,190.350385515481,7023.32870928179
47,4061030708400,190.373924480378,7024.30786000189
48,4073807515556,190.367207722025,7024.2750506177
49,4052992946703,190.392634249193,7025.67180280372
50,4072858171585,190.37852954003,7025.03274465105
51,4078001821576,190.381131004579,7025.68261027738
52,4063070301910,190.395062872692,7025.7335640299
53,4066266735513,190.402358811583,7026.03851969779
54,4039791630593,190.423806461259,7027.01431508891
55,4054108989888,190.412029248544,7027.43217281199
56,4070027091817,190.40299830513,7026.80321586738
57,4066752275893,190.412326736666,7027.59337589344
58,4058607338076,190.427431138722,7027.61250712905
59,4052039759487,190.432321025054,7028.57931975573
60,4043498311237,190.441680690012,7028.6756518832
61,4027509040252,190.462662179078,7029.22211673818
62,4036971555534,190.454672305073,7029.600488122
63,4053341863532,190.443529600566,7029.75581076117
64,4038965638669,190.459841770566,7029.72006193402
65,4039985802726,190.461141053427,7030.73158245233
66,4041212948648,190.464463434261,7031.11355064215
67,4048717193725,190.456486640727,7030.89649492679
68,4049294860294,190.45886466746,7030.73309258873
69,4043699507265,190.465730956642,7030.89236555005
70,4026166254940,190.484962002655,7031.75553193837
71,4057375475088,190.461057541932,7031.66332725122
72,4056858556409,190.463346836167,7031.92601888333
73,4007069040966,190.511944212692,7033.01194275637
74,4045855975323,190.481257864328,7032.72600946702
75,4027993621934,190.4973653301,7033.62617705557
76,4032904725923,190.491540030245,7032.9944123209
77,4014007009254,190.51614974043,7033.90391183867
78,4049964462938,190.480955080876,7033.27445324321
79,4007948440942,190.525368312111,7033.98609681248
80,3995156279861,190.537208600068,7034.66096309303
81,4031824865937,190.509458719137,7035.32207339974
82,4044637701159,190.494447131683,7034.30239809681
83,4047204104488,190.49394664904,7034.9762112896
84,4016662541035,190.526512147646,7035.28403374936
85,4018285052659,190.524619889109,7036.15797487147
86,4026911414207,190.522750611187,7035.6858040336
87,4045802166222,190.50689986141,7035.30770482891
88,4024634008368,190.522250330454,7036.06105449867
89,4000940361797,190.551546279458,7037.16719387556
90,3993871373544,190.555178739401,7037.28559384799
91,4036288543146,190.521512501068,7036.94164236039
92,4026541576752,190.526140095946,7036.93255937763
93,4022791373067,190.533377041861,7038.06378388146
94,4005007050181,190.550194364108,7038.05030749113
95,4006190859155,190.552501393299,7038.17704519225
96,4019478363976,190.539282471391,7038.24349428425
97,4028818664391,190.539615113197,7038.29793092479
98,4041160411714,190.523307261897,7037.43235662369
99,4008282903674,190.55679012755,7039.33662979847
100,3996366880712,190.574058655348,7039.67617029702
101,4025401829756,190.545022500304,7039.49799502593
102,4008920770094,190.558666781577,7039.23937080961
103,4021888017496,190.547847567134,7039.6656155421
104,4009140930850,190.565778417789,7039.60010024552
105,4036171076686,190.541696637962,7039.40209550366
106,3998821684913,190.578465702487,7040.99433085313
107,4024035483760,190.551358647864,7040.41206685475
108,4014227201300,190.561856301306,7040.73514075074
109,4025636994723,190.552597202635,7040.8597701328
110,4027669565118,190.549002287144,7040.46482394766
111,3998630959450,190.584045372928,7041.78972626349
112,4002428936378,190.578659158029,7041.5785723254
113,4023762729128,190.557243581938,7041.59096474121
114,4008816038142,190.570860718662,7042.45467881726
115,3994477080442,190.592245435906,7042.8259717885
116,3987884140410,190.598816496061,7042.82205321734
117,4011090413826,190.5778523823,7042.34893575277
118,4004000285434,190.585058660012,7043.11752328742
119,3995851749175,190.594934912,7043.36952249428
120,4014960813186,190.577462633437,7043.84195309819
121,4001535351897,190.585784403812,7043.43509533782
122,4003077935296,190.589137457769,7044.32783543141
123,4003859916247,190.58535548168,7043.84813015054
124,4019155831020,190.569237685601,7044.86837720833
125,4020249132551,190.578990010679,7044.92503905221
126,4011953283724,190.581484117419,7045.04216581844
127,3995331097167,190.605303365614,7044.74305009446
128,4015020141928,190.581626659828,7045.09659899122
129,3975464261787,190.620074862616,7045.53751806334
130,4016514752685,190.582004255776,7045.12486240663
131,4004077395051,190.588901495226,7045.29477951278
132,4012856167834,190.59112243777,7045.5760284449
133,4007674464030,190.592913497917,7045.87790272725
134,3987190136021,190.610770239177,7046.35406324569
135,4036171453026,190.565728316276,7045.56214989421
136,3987321420625,190.617404411267,7047.35617246911
137,4002037035156,190.603206502024,7046.50258989716
138,3991160617093,190.610315755201,7047.11027481511
139,4005001979041,190.598681367931,7047.21457787461
140,3989832243330,190.615037779782,7047.85843481783
141,4010176622349,190.595738904268,7047.54725204611
142,3997885006252,190.607780372297,7047.07182746119
143,4000584766740,190.607194101257,7048.10397163097
144,3981905311004,190.627273561562,7047.90728423636
145,4010661915690,190.603437269192,7048.77264109727
146,3990690704731,190.620689544661,7049.21057486439
147,4016547140674,190.596307744481,7048.633837044
148,4013297188421,190.599409822342,7049.03878535574
149,4004525217112,190.608638749727,7048.80136186183
150,3995476526434,190.619738684493,7049.29986878113
151,3983236646799,190.62648588074,7050.19626014759
152,3981745245518,190.632552946903,7050.66681789432
153,4005627761263,190.604593108103,7049.13739230524
154,3988294505536,190.627235569472,7049.70059967425
155,3989221538058,190.62649938998,7050.18835212625
156,3962198214900,190.65248106783,7050.84765534546
157,3983648758362,190.635587555113,7050.96962728867
158,3985159433366,190.630018310392,7050.72363495888
159,3995783282800,190.620423367225,7050.66321118276
160,3987312710528,190.630417798921,7051.76104911439
161,3990072537829,190.628235323492,7050.53962159422
162,4001089538516,190.619151157924,7051.32566865901
163,3999700717458,190.621282642807,7051.66342770775
164,3975264593942,190.642029878096,7051.13903684992
165,3977061837146,190.641375334219,7051.85036022835
166,4004640273420,190.617835012268,7052.45229509883
167,3987132920071,190.634339156049,7052.84034175091
168,3963598157540,190.656973985173,7053.47166265531
169,3970946770909,190.651113552828,7053.08953153503
170,3977789741737,190.644607154585,7052.8222958057
171,3959394082708,190.664382119328,7053.90468956006
172,3993755298691,190.630535762019,7053.38108646035
173,3995911260779,190.626189747193,7053.27592117785
174,4000464686940,190.627371639343,7053.72729841195
175,3974868468075,190.658181336118,7054.21751126849
176,3952686398866,190.67559090023,7055.54060180391
177,3970811408948,190.658541104764,7053.92206343057
178,3999418406717,190.629208027977,7054.25486355354
179,4004915503311,190.623787720277,7053.11467906672
180,3979322105356,190.651820050319,7054.60059964893
181,3997379885953,190.632886206524,7055.09701047899
182,3961565427554,190.662939735656,7055.70108323234
183,3980508526520,190.645980861393,7055.25360137996
184,3955570919433,190.673519473014,7055.79968118996
185,3999058833111,190.63016976123,7054.91510034111
186,3981750691952,190.648525938182,7055.12730535365
187,3968027516708,190.662278166437,7055.32672562659
188,4002683915375,190.630265699636,7055.35503522638
189,3972053136839,190.654195166675,7055.84283849503
190,3989400991023,190.645814823845,7055.69412473126
191,3974627090593,190.656856842204,7055.91151045928
192,3975886001482,190.656250416675,7055.66657681534
193,3973489883305,190.661656767765,7057.53980989965
194,3969001149029,190.664031179053,7057.14071716009
195,3970323709263,190.66810473258,7057.02723285446
196,4005221899436,190.631310877162,7056.41455539292
197,3983186918715,190.653629185602,7057.8229747389
198,4001785240038,190.638147527318,7056.29591043979
199,3968398714331,190.670123173157,7057.91959197507
200,3969120797005,190.66779242792,7057.29033284307
201,3976390557901,190.66053170771,7057.81015681557
202,3984009827526,190.654877394595,7056.75281679331
203,3978634283651,190.659216900985,7058.71486329097
204,3972486426490,190.664093072347,7058.84408658292
205,3987922038190,190.652461477968,7057.27901011608
206,3962062893996,190.676960884629,7058.73183539312
207,3978756034201,190.659433728366,7058.18358626873
208,3962777801768,190.677859744815,7058.72765685496
209,3951394830517,190.686542694476,7059.71097858869
210,3968828852973,190.666807212592,7060.17964008208
211,4001555428296,190.634629531982,7058.88258124188
212,3985414717691,190.657233279331,7059.07539539059
213,3994013972677,190.64842008968,7058.73156937016
214,3973791426500,190.665622685553,7058.88924253657
215,3952291421219,190.693027571595,7060.35731741876
216,3959452798429,190.678320673558,7059.92371425682
217,3970495514873,190.679779990073,7060.30881463639
218,3968558637116,190.67228202285,7060.04815257198
219,3982174188186,190.661661048294,7060.59926802981
220,3967791845637,190.67430921399,7061.52942693919
221,3960740554239,190.679418586013,7062.00301161951
222,3954930050984,190.686992040705,7060.96739726846
223,3969531406759,190.676029049413,7061.29279133399
224,3966362021750,190.677937062016,7062.09038911589
225,3969703218669,190.676698772718,7061.23954796966
226,3966217499727,190.681203064951,7061.87987066081
227,3986582947204,190.661847011759,7061.23478352653
228,3975884269835,190.674435385684,7061.30020620821
229,3967001075066,190.681115297955,7061.70206929042
230,3951423268695,190.697702673537,7063.05023431094
231,3973526991557,190.67459541765,7062.02452601433
232,3967718973719,190.672282153046,7062.19056430126
233,3946280474302,190.698102815159,7062.51657353568
234,3967878906391,190.680053615089,7061.71152248565
235,3977365783092,190.668092766466,7062.33176113092
236,3960745999758,190.685523182284,7063.43847525189
237,3975027748458,190.674857091084,7063.53581425864
238,3956120997132,190.690872952614,7063.33590197683
239,3964123893767,190.682238103263,7062.83270105913
240,3980223713182,190.672489012411,7062.4675209285
241,3951724503777,190.699904484409,7063.46256503776
242,3965855973827,190.685286455454,7063.80117354055
243,3950766221446,190.698079630394,7063.34979187519
244,3970843330585,190.678796510155,7063.89359073934
245,3948403781220,190.700014417703,7062.97441053647
246,3949757747973,190.705235993358,7064.85233184456
247,3961665161167,190.692697075773,7064.27032527211
248,3973075841200,190.680313546013,7064.57915776939
249,3975752366034,190.675288650137,7064.28989708826
250,3979283440189,190.672240024606,7062.61988717366
251,3938668665372,190.712296051207,7064.17046704887
252,3953343525911,190.699806036597,7063.85573448897
253,3972896960264,190.681502453184,7063.15891829106
254,3959288811615,190.694899428509,7064.71269377789
255,3962964768320,190.690455410663,7065.84878234598
256,3951305304584,190.702483197765,7065.75876404428
257,3944203299956,190.711863699963,7066.48402750525
258,3972453433758,190.683224867539,7064.13081196281
259,3937619683627,190.712952328633,7065.46364529949
260,3950257830282,190.706626648633,7065.43945896323
261,3954046214353,190.700805387196,7065.8907054263
262,3964143858128,190.691338328419,7067.59786753789
263,3945776222367,190.707704887242,7066.34500082425
264,3980338337010,190.677710343156,7066.06169663316
265,3961906930104,190.691156448642,7065.92082518548
266,3953909533861,190.702798297574,7067.18953200966
267,3963917997180,190.692101249386,7065.84978976018
268,3970998461511,190.687442927954,7066.08522641662
269,3958430802175,190.69678948563,7066.70540899777
270,3958968613800,190.699015987478,7065.67699657
271,3974575306202,190.680568918426,7065.48692287412
272,3958993698103,190.695291367501,7066.51774336791
273,3949726509140,190.707557583259,7067.43603175016
274,3952619625375,190.705550915416,7066.79407844312
275,3951257579925,190.707643598613,7066.69928102375
276,3962831733108,190.698274899221,7066.948870136
277,3962246807079,190.698720124744,7065.62413107959
278,3947656208317,190.710753889971,7067.28128933769
279,3956306034765,190.703106388363,7067.53085145321
280,3985607801038,190.669631865889,7068.61938643345
281,3930890392386,190.720506657158,7068.9486730607
282,3954971961660,190.701327100559,7066.56724757872
283,3955889677393,190.701207420196,7068.12469474653
284,3969871582844,190.688806666383,7067.2446134201
285,3976505923772,190.685393846993,7068.44966081089
286,3955787720917,190.706572404093,7069.20840015435
287,3952902026762,190.704015386351,7067.31777361899
288,3935798274594,190.726969877955,7068.73028017389
289,3934172029173,190.727031312585,7068.2263132402
290,3959242983986,190.699848919302,7068.33740049831
291,3968047206048,190.695604487686,7068.24647350053
292,3965145173587,190.695696165111,7068.98860105901
293,3982862045418,190.681376876283,7069.5190809279
294,3949764005590,190.711541678157,7068.56945817393
295,3947912956902,190.71277643441,7069.8233751233
296,3941936039946,190.719916737126,7068.99408141997
297,3952297382775,190.708944697526,7068.96033453222
298,3962920536052,190.697071105233,7070.56561419241
299,3946938934382,190.718898494228,7069.60920147344
300,3958930164062,190.70395060119,7070.19140903672
301,3946004002448,190.715014320474,7071.57088841141
302,3917745609849,190.746877067769,7070.40934905993
303,3948043395511,190.712934050165,7069.98351271526
304,3949030711463,190.711555874795,7070.89641364606
305,3935061666970,190.727327226418,7070.70399523853
306,3930800556096,190.730185020666,7071.551297872
307,3949395900073,190.713888061205,7070.11267490075
308,3954046915496,190.709056224898,7068.93246278663
309,3935107919610,190.727346491529,7069.09275546529
310,3941537570785,190.722638908741,7071.36552302159
311,3936279450275,190.725592324245,7071.56239751099
312,3930422442186,190.730905942964,7071.13189773283
313,3947579571272,190.714802964916,7071.18477624521
314,3952159688484,190.707878000409,7070.80569260495
315,3936089785877,190.725920850842,7070.39137521219
316,3915850078181,190.745530021883,7072.58561337278
317,3949250663911,190.717363303792,7071.80555430174
318,3925550883589,190.738526291246,7072.4621620362
319,3962786705017,190.700199280052,7070.37165715597
320,3936396363203,190.726412631809,7072.35098960366
321,3948150112970,190.717322537026,7071.56780723972
322,3942487603886,190.722073611307,7070.90322265119
323,3959274667700,190.705797587082,7070.82959955291
324,3939705311961,190.724867194938,7073.32119051934
325,3933923461662,190.732042193583,7072.68766984213
326,3936885155243,190.728108199933,7070.53152031493
327,3947164348568,190.717731384836,7071.53062031361
328,3955416099515,190.714541850189,7070.99513051177
329,3947522127448,190.719432209564,7072.79407644516
330,3949391471755,190.715214293185,7073.19120492594
331,3952219195440,190.712437660498,7072.03899470649
332,3937782530006,190.727103781852,7071.69655106039
333,3961074598986,190.705514579104,7072.56380891272
334,3952018251993,190.71779637645,7072.3553787093
335,3963204711593,190.703588742638,7071.06582913175
336,3936136399551,190.729466585822,7071.68265150013
337,3942482325460,190.72609987805,7073.85139122663
338,3927147617222,190.742762853664,7073.3975830309
339,3941700164431,190.723131290686,7072.76190712854
340,3954448397311,190.71220395812,7071.92396929855
341,3946266661590,190.720626546109,7073.00003518996
342,3959758237062,190.7072698569,7073.4944158809
343,3937372349291,190.731867744291,7073.93646795912
344,3927221171293,190.743551479329,7073.09553434023
345,3954461073433,190.71882568902,7074.25397247523
346,3945976113242,190.723679093172,7074.48967651464
347,3945803327151,190.724151139034,7074.09334363443
348,3924815213514,190.747136486627,7074.19014260084
349,3935431998816,190.731692064838,7075.13858358378
350,3928926750267,190.741584242278,7075.89928400649
351,3940984152521,190.730463191474,7074.34280053157
352,3944153113547,190.730231405461,7074.42663672426
353,3919911689672,190.744584836678,7075.61593616749
354,3918819017321,190.751074677263,7075.06307799313
355,3919901429133,190.749089147829,7074.14286061762
356,3940715983972,190.725369858714,7074.11589104384
357,3925961510597,190.747288302037,7075.80312874623
358,3922118547466,190.745252238953,7075.27605599634
359,3928446023761,190.742213269255,7074.95285135405
360,3934580139156,190.73503878426,7073.79726798646
361,3922747706047,190.750332235269,7076.63716262229
362,3919670390897,190.752349213734,7075.63984581851
363,3915274196902,190.752812989035,7074.68544980651
364,3901711587057,190.766821919928,7078.07369877857
365,3945943371983,190.724284338682,7075.64862432422
366,3922705947846,190.744541323113,7077.33832923568
367,3938271996397,190.737188931169,7075.0938515405
368,3922784876563,190.747198670386,7076.02420177483
369,3930330938845,190.740258531347,7075.50038775073
370,3934498649981,190.739208047622,7076.53253817345
371,3977035742498,190.696142653977,7074.91239099837
372,3914678086466,190.761618732599,7076.00600781749
373,3926579632964,190.747451535856,7075.27936212673
374,3928785480093,190.746809590855,7074.66259679527
375,3934890761461,190.740074972507,7076.46424472546
376,3960877898294,190.714176826756,7076.7079556895
377,3915620618036,190.760372734119,7078.31030016314
378,3936230651456,190.738756492259,7078.22526350201
379,3947329040860,190.728237492134,7075.87040880838
380,3943745081334,190.730716547933,7076.21987012518
381,3934287217663,190.738425400988,7076.61070769502
382,3921928375610,190.749244862191,7078.13626473142
383,3940519289943,190.733896319035,7076.95736938463
384,3920044571052,190.750106164766,7077.17506442551
385,3956357213156,190.718813412593,7078.54979643547
386,3921857732707,190.747096653313,7076.92462539862
387,3938079482265,190.738787804094,7077.89942162173
388,3945761956069,190.730337236053,7076.69291234583
389,3930323117315,190.746941730879,7078.17037659089
390,3928639219253,190.747280941401,7075.27857896006
391,3950155287502,190.719419196246,7077.03144471712
392,3938593068347,190.733515224829,7077.63886811191
393,3911667271007,190.760138315614,7078.64378391801
394,3936191309984,190.74265610387,7078.49570005763
395,3925006756320,190.754368506341,7077.48582641358
396,3942480751967,190.732461718566,7077.23549783258
397,3917577019936,190.759469762757,7080.22352886719
398,3955836989249,190.721561214385,7077.90789484333
399,3940001172836,190.736035507538,7077.55286988297
400,3923864876114,190.751167119682,7077.4696968859
401,3929352880366,190.746363965345,7079.11713211393
402,3924496291702,190.75329268102,7078.1654830491
403,3915692968312,190.758089833282,7079.04348277548
404,3950145904031,190.728133179162,7076.79459777563
405,3950359041726,190.725359569702,7077.46300770189
406,3937373822277,190.741034487445,7078.92268989096
407,3913381911597,190.764457213047,7080.19896460162
408,3927015547131,190.740831202239,7077.29452738617
409,3931311273672,190.744297345259,7079.68923701689
410,3936573708424,190.735846472603,7078.53543602394
411,3964622514111,190.714374344529,7077.79823399947
412,3930599388434,190.744111771367,7079.04958073402
413,3927959730511,190.74072883329,7079.8623309627
414,3937128200030,190.738807010266,7078.71945006017
415,3917312599469,190.755269776308,7081.09715181242
416,3919190376665,190.759131309549,7079.32236167824
417,3953588249991,190.722571310674,7077.85352698518
418,3926486646998,190.748181817315,7079.12224381278
419,3944124895590,190.732953235734,7078.25822472594
420,3926068071577,190.754966995553,7079.21710931433
421,3906368332051,190.769729604774,7079.58112461154
422,3933089972505,190.745282096291,7079.01616263032
423,3944933188280,190.733351854614,7081.251885213
424,3926322057130,190.75610173013,7080.10087322892
425,3940138600332,190.739396591531,7078.10709978321
426,3955964608168,190.721557772245,7080.38086927511
427,3925592321730,190.751893711473,7078.93896398529
428,3927080287021,190.749465545885,7078.44655021767
429,3939309483777,190.732943675626,7080.48520472974
430,3949638996803,190.729746571511,7078.38394634736
431,3936366812945,190.740113295984,7080.43500563011
432,3934045890343,190.745735061328,7079.87506978512
433,3934114052375,190.750395145789,7080.88213478158
434,3912479031982,190.769389721794,7080.36124586257
435,3951942802343,190.728924983219,7080.35866698388
436,3910916428577,190.77213922087,7082.04186935921
437,3940550063717,190.740081965778,7078.95769814923
438,3960510949375,190.718397165957,7078.8496916246
439,3942792654929,190.735579698304,7079.75687464678
440,3918367730030,190.755391122748,7081.47127775499
441,3927580211410,190.753267280995,7079.60841675046
442,3958624816241,190.721724670882,7079.05730634877
443,3925267517522,190.753089447542,7080.76531485484
444,3927563438437,190.753740572148,7082.18768880038
445,3906746012813,190.771616026703,7081.14788497519
446,3916063842252,190.76288788266,7080.43581951127
447,3926270416324,190.751877838479,7081.72991825381
448,3908529498451,190.769500281051,7082.09739105331
449,3891464689724,190.791719054845,7083.50408241337
450,3922312091680,190.754795542777,7080.13288744468
451,3953709892115,190.729614644781,7079.84433279126
452,3906529462782,190.769955826764,7081.7687286071
453,3913635460764,190.76782160485,7081.26947869342
454,3931790395206,190.743665373115,7082.3188897996
455,3910225895894,190.771237863731,7083.55468237964
456,3924695067636,190.758572835458,7080.22537239371
457,3916310981446,190.76593274794,7081.91396437707
458,3925941385000,190.751156187341,7080.46669981576
459,3911285866205,190.769138411873,7081.57980709025
460,3942306342109,190.736610512502,7080.201081624
461,3925769681257,190.753596436655,7080.4621813347
462,3926905376509,190.757764617122,7082.10141831855
463,3949089720959,190.735634055105,7080.42763365038
464,3945731021210,190.741994889776,7081.60467945077
465,3921002555101,190.762268406628,7079.67948268405
466,3918463906828,190.768232801715,7082.24731993952
467,3918065508971,190.761964753566,7082.03566579714
468,3929627306215,190.754185122357,7081.71774815014
469,3940851737080,190.745814546978,7080.90016506634
470,3920091444484,190.76440013192,7081.76466363634
471,3941481507052,190.741291915098,7081.6480288397
472,3923836703315,190.753643638515,7083.85552911712
473,3908850102068,190.772646412818,7082.84745589686
474,3934084356223,190.750307700227,7082.09154767128
475,3935429269400,190.746915463859,7082.07606262446
476,3928993251758,190.750086859564,7081.78402765234
477,3929947332392,190.753244363589,7082.31609272716
478,3932188255294,190.749844783945,7082.24617455345
479,3919851795293,190.759655873308,7083.11564835089
480,3904388793660,190.781749345168,7082.53301054798
481,3914851273539,190.768738628149,7082.34958998154
482,3918261386329,190.768069092616,7083.61718366847
483,3907139480943,190.774101733845,7083.20439522799
484,3937585781871,190.745632735832,7083.41680719309
485,3928613367902,190.747707986923,7081.75355029429
486,3897240825541,190.785828204838,7084.47118269348
487,3934364580355,190.741951269001,7083.57004015295
488,3913083831560,190.769728393157,7083.24391389158
489,3943327973176,190.740771844728,7082.81932133626
490,3925554574101,190.758270160191,7085.5165067696
491,3937592916276,190.743480701381,7085.6623966508
492,3932841569920,190.755801284071,7084.92320363799
493,3917201180546,190.763842727042,7083.99165565484
494,3934031639847,190.751698458864,7082.71030487342
495,3914741236633,190.7660996788,7082.40748449603
496,3934563766280,190.746901978953,7082.76895863949
497,3939339798502,190.745254621102,7083.10942472953
498,3914018579381,190.768899352545,7082.68895571118
499,3919979668150,190.764704028784,7084.00296468106
500,3927044420797,190.758351434301,7082.54028186346
501,3900129763020,190.783731649992,7084.63983482703
502,3955973011802,190.730557476785,7084.17395288724
503,3946679322102,190.736137706425,7082.57459510018
504,3917700017097,190.764669563878,7083.69281846571
505,3928817240451,190.758864239852,7085.51144978419
506,3926418701970,190.757825206369,7084.95839268103
507,3899795045351,190.781131053991,7084.51352885565
508,3923850872671,190.761586237025,7084.27803147476
509,3928874163570,190.756079075045,7083.05761952995
510,3918569181353,190.766183125739,7083.38326479631
511,3913792907567,190.772116115014,7083.92104925981
512,3885425793261,190.792913990219,7087.10250926188
513,3893354809879,190.789026507358,7085.22482624463
514,3913389196897,190.772297778168,7085.3866041937
515,3914231541994,190.770870983717,7085.037967283
516,3902791963269,190.783541319891,7085.60985802698
517,3907262365571,190.776692630971,7085.66292230603
518,3932848336792,190.751630806469,7085.52587277702
519,3927246884292,190.760669812041,7085.29129669794
520,3936717309109,190.751242469844,7084.21826483834
521,3918700027262,190.765392365279,7084.45786033712
522,3898701187147,190.784668189289,7085.50869392468
523,3887458291068,190.796823043443,7083.82938098112
524,3927259970093,190.763104713371,7084.33523116678
525,3935542226691,190.749399275019,7082.74590501112
526,3929130949260,190.752167275012,7084.56954617179
527,3907597315556,190.776427560906,7087.27998659227
528,3918633785532,190.765837922505,7084.3725780604
529,3891336700945,190.795400564215,7086.16763949555
530,3938159357946,190.749695259469,7085.34407100182
531,3907172729771,190.772384741608,7086.59654851212
532,3933024509190,190.753157469927,7086.06382991249
533,3907349154857,190.780947825762,7086.37667948365
534,3924945060723,190.761682476707,7085.26320470263
535,3907854754315,190.7761687195,7085.30165492077
536,3917376984420,190.769532425939,7085.82715621736
537,3908832740681,190.775979914954,7086.49147341178
538,3908847527749,190.777816443311,7084.24502269471
539,3917657593062,190.776560045933,7086.27228722073
540,3913123272226,190.777822302869,7084.77187675647
541,3905093548466,190.777880585702,7086.36410041293
542,3923115078325,190.761677382403,7085.42685567694
543,3922239779168,190.763858684483,7085.79599694642
544,3913960612872,190.776302922759,7087.52911558028
545,3923130524981,190.764962361023,7085.2843285215
546,3941617324789,190.746132416592,7084.66617881775
547,3935921241384,190.750443968562,7085.32582468303
548,3933153745380,190.755908509045,7086.33554866904
549,3941658799183,190.749073640861,7086.21883399709
550,3918502436616,190.766679773605,7085.09336266455
551,3914628562453,190.773356668169,7084.83397987891
552,3894327513026,190.795997215393,7084.26563809794
553,3911298971641,190.778221565351,7086.28385769364
554,3921293984717,190.768083038783,7086.6900023192
555,3927597609874,190.759532443124,7085.41148504265
556,3918334119043,190.767921482452,7086.4084683615
557,3911063226737,190.77607454248,7086.93731731955
558,3899274811323,190.788169870227,7086.65678515031
559,3921922140378,190.763319511688,7086.44528554643
560,3918050831803,190.770477428593,7085.48235222328
561,3917281128718,190.769554588207,7087.70026504216
562,3923928143780,190.766484649555,7086.76352591176
563,3932065221622,190.758516497454,7085.79960899314
564,3898094319004,190.789610016906,7086.89009335162
565,3919435610828,190.768639645361,7088.30051640177
566,3902174366789,190.783404580811,7085.57077227546
567,3923026468003,190.767951245121,7088.4519382093
568,3917236036599,190.765734007422,7087.49400270902
569,3903693899313,190.782818634135,7086.52607822128
570,3928606497565,190.764360444733,7086.36274961614
571,3938547613712,190.75312167285,7086.29474775176
572,3900494580250,190.791385305742,7089.10449936859
573,3909734555671,190.777809435932,7087.14395016737
574,3931519056834,190.755926070967,7087.24568925729
575,3914444134095,190.779395731628,7089.06333752476
576,3927410063627,190.763926693117,7089.70578609966
577,3915624031445,190.775098099374,7084.70235723784
578,3928467602051,190.762827658898,7086.3522992181
579,3912945141916,190.778358576298,7086.45431709857
580,3906691517715,190.775340549518,7087.19650613375
581,3916170456484,190.771317663135,7085.98902674217
582,3943190001563,190.742788536429,7085.56113841109
583,3907782511032,190.784607654943,7088.69131323938
584,3923853469840,190.765077824221,7086.5925347583
585,3944987819444,190.745365470542,7084.95384142269
586,3916418115928,190.773448408251,7086.34528371135
587,3900182252065,190.790540721809,7086.84260649425
588,3926025377287,190.765588429218,7087.96248168578
589,3912506519018,190.776585063254,7087.23133987325
590,3926578974022,190.762098314174,7087.49189197519
591,3916399797756,190.770253265432,7087.93947983498
592,3909885728067,190.77755012013,7087.44245020791
593,3906516811575,190.781534270794,7087.56766843046
594,3915548332586,190.77366913152,7088.42307025087
595,3916088391091,190.771119952035,7086.70950489943
596,3905663340219,190.784720099672,7086.94716964862
597,3930724420851,190.759788534691,7087.9250874837
598,3917144377695,190.776057933406,7086.60258283849
599,3907267005016,190.782522180309,7088.69790666766
600,3906258287855,190.780867044543,7087.56001611742
601,3897568766859,190.792736226068,7089.60629050444
602,3936333554382,190.757024878928,7087.81658507128
603,3890598749129,190.799125157852,7089.20058702358
604,3910839238486,190.78115949337,7089.17733042025
605,3902631190898,190.789025853566,7088.64386513514
606,3942338241142,190.751299920334,7088.67440633374
607,3901404935203,190.791388094853,7088.50779740812
608,3900019894671,190.78957516785,7087.88181423671
609,3874527152565,190.822800995623,7090.49720144716
610,3891425898060,190.799088807029,7087.95282733522
611,3917759415269,190.771968110445,7087.63353640599
612,3896058778482,190.791491302942,7087.92514983099
613,3914208950341,190.780726994574,7087.68500019077
614,3908805806690,190.781694288878,7089.06860138046
615,3895210780707,190.794596064643,7089.63117245269
616,3916212974790,190.77443140955,7087.46432723639
617,3907999017527,190.780714539496,7089.63074700845
618,3899104646243,190.789066453445,7088.39600224528
619,3922439048806,190.770553870031,7088.9774403659
620,3902616667154,190.785143634072,7089.6804138062
621,3894255003798,190.794169483328,7090.13904743521
622,3920370144437,190.77110237942,7086.80141407924
623,3926529678927,190.762011841199,7090.28783122817
624,3927263388109,190.762953324399,7088.34676425088
625,3912245175136,190.781485546272,7090.00057872728
626,3896053373512,190.795804162449,7089.83101128047
627,3923441203854,190.766186793738,7089.63567381608
628,3905229220998,190.788895126302,7091.16974115393
629,3918853902951,190.772834005952,7088.96870553397
630,3908379654397,190.784649814294,7088.33561039886
631,3935242882158,190.756967125045,7088.062414068
632,3889494482912,190.800120673318,7088.95311043403
633,3911310428809,190.777098748193,7090.23940772351
634,3916056785570,190.778990771778,7088.96240854309
635,3911790482837,190.784145669981,7088.72002960054
636,3910188990366,190.780647477297,7089.24568534193
637,3909389351010,190.782428406209,7090.28898233918
638,3914870016111,190.77598752509,7088.63918445087
639,3910048957669,190.781437740678,7091.26102188351
640,3937236007008,190.757359575605,7087.45176559764
641,3916053764497,190.776727379602,7089.33799941263
642,3928100484277,190.762629401452,7087.84202987466
643,3904636386782,190.785124526165,7091.3727605547
644,3911570235866,190.777102188632,7090.57341860472
645,3909388147185,190.786400214097,7091.09740275724
646,3914947032392,190.77858556698,7090.44860163017
647,3891624372786,190.798801769145,7090.18292855059
648,3940634875744,190.749570172554,7088.6257828695
649,3907829639047,190.782989830467,7089.52506587403
650,3906298729262,190.782973930532,7090.21224665539
651,3900019907257,190.792429205269,7090.14339016704
652,3903024589178,190.787882875057,7090.24110768255
653,3895164437308,190.79468507733,7090.70282553905
654,3886568720909,190.801764643376,7091.3369179431
655,3929731528576,190.763293269704,7088.89028231513
656,3915839936582,190.776079266349,7089.84461506266
657,3911871089976,190.781156835574,7090.52911465504
658,3890572302492,190.802306341733,7091.4345256713
659,3910336210825,190.782770818641,7090.57440111271
660,3908595276743,190.784579905247,7089.59991587855
661,3903298565446,190.787126865392,7089.83028406743
662,3907160747700,190.781309166491,7090.54529849861
663,3915590165878,190.777730094657,7090.95024718142
664,3918515362103,190.774103350324,7089.45489002527
665,3916615601732,190.774404623029,7090.07001704544
666,3911509950304,190.782407703552,7089.49662648035
667,3927815949439,190.767603292904,7089.29905369946
668,3913106554411,190.778235085336,7090.63228313966
669,3911790798555,190.777757948237,7091.6712256719
670,3888244569567,190.803900018789,7090.71332751636
671,3933429755552,190.759687872735,7090.46809954142
672,3918763843965,190.772434962342,7089.72968984243
673,3903509220993,190.789734785628,7090.40769310138
674,3891299414161,190.801906483888,7090.27036483868
675,3894932791049,190.79321963544,7092.02735476111
676,3921865950213,190.775334354452,7089.95947583648
677,3893259604318,190.800188707946,7090.73013625749
678,3884845101511,190.80833000885,7090.76047365799
679,3888922951764,190.806918114566,7090.5034974133
680,3918821621814,190.776691072958,7090.9596272745
681,3909721447065,190.782735637575,7090.42624101143
682,3895542660843,190.798223341175,7089.91882211998
683,3890342130220,190.798082619168,7090.80651475495
684,3914240207245,190.777288771414,7090.4984345586
685,3900605553049,190.787923800971,7092.03409687776
686,3914561451834,190.780962901132,7088.45777482707
687,3903642392967,190.789068383571,7091.87680033496
688,3913732357221,190.783575308413,7089.93921141727
689,3922362374905,190.773538608003,7091.0765297401
690,3909056775585,190.783770950155,7090.89359292862
691,3905481994770,190.786422546145,7091.53240056322
692,3909766346922,190.786249772951,7092.29639339212
693,3908474341898,190.790329818,7090.96773751686
694,3902205218230,190.792637916877,7090.51908272733
695,3939536635909,190.754105251748,7090.49378167542
696,3890790506414,190.80530374351,7091.44140897679
697,3918142809572,190.775785881118,7089.9738158269
698,3902311661096,190.792075044896,7091.62020367363
699,3909441786900,190.781266493007,7091.98590177792
700,3890276011197,190.805293934904,7093.17103021244
701,3910487947414,190.787139377214,7091.98029468619
702,3919765874845,190.777638475899,7091.48641691608
703,3898805502499,190.795256760495,7090.32896803597
704,3900364411433,190.791033287411,7091.26150858611
705,3923565535216,190.771250274436,7089.72053165692
706,3898978229858,190.797040111447,7092.09141766982
707,3905825508387,190.784602351205,7091.84302496572
708,3930866578983,190.760741074759,7089.95449557576
709,3890960160845,190.808008450058,7090.66448738759
710,3899646832500,190.798083970778,7092.00165061891
711,3892775650605,190.797549356246,7093.00266465604
712,3916665783650,190.775910065371,7091.65429021692
713,3908161984196,190.790960495518,7092.69881962007
714,3897074605206,190.797780833025,7090.93843364399
715,3910814346786,190.782521389441,7090.75893353827
716,3924970214384,190.775335901127,7091.24967147815
717,3912422578270,190.781159531635,7093.21405519205
718,3892759375510,190.796798017018,7094.12445224977
719,3905749306299,190.786707817405,7090.02350134203
720,3894911474382,190.801463629811,7091.97192887494
721,3927427903874,190.768006886974,7091.22832025483
722,3878125905601,190.809373098351,7091.79774875411
723,3901173735628,190.79119037822,7090.17392986322
724,3897176990751,190.79965254117,7092.33113716337
725,3894781113512,190.799973348355,7092.34873603486
726,3903793421726,190.799189623054,7093.30428426817
727,3922488974754,190.771633322491,7089.8392779455
728,3917021232236,190.773670849083,7090.31650381438
729,3905939821966,190.79132089641,7092.0633307664
730,3886949700383,190.807300697511,7093.8392793148
731,3902490714867,190.797419428897,7092.54117036009
732,3904585830540,190.794119639973,7093.44784540173
733,3893636798182,190.801301154819,7092.00947196121
734,3909035253280,190.784766471828,7093.48576373029
735,3889652344457,190.807013875751,7091.93003150088
736,3898568262506,190.795093828615,7093.36665263723
737,3887546402005,190.807485784184,7092.67472567982
738,3885496994970,190.80990858887,7090.51708694762
739,3896509707507,190.796674858266,7092.80912928481
740,3908004168028,190.792744947804,7094.07321050853
741,3919714132633,190.773668617568,7089.86918373766
742,3935492091926,190.761690944667,7090.81943467512
743,3866436712226,190.829130292414,7094.58634306526
744,3883366515110,190.810787205259,7091.50113739585
745,3908522507257,190.786269518767,7093.11833212607
746,3903962796924,190.793297935897,7092.17026002132
747,3911691333614,190.783834315517,7090.53942445007
748,3887581842984,190.808932349445,7091.9096192802
749,3886554739317,190.807399120698,7092.7228493844
750,3901316302949,190.793983838245,7092.58923918864
751,3908861638957,190.783074006788,7092.79972308194
752,3928516080563,190.766822178819,7092.28437993104
753,3894955479036,190.801370696197,7092.52247381515
754,3897991062361,190.796450001841,7092.67303171548
755,3917629056290,190.780253264273,7090.86448305821
756,3904925285165,190.789248712294,7093.71528087131
757,3902543547259,190.793033797292,7093.75904023694
758,3902033471403,190.792094677466,7093.20326154596
759,3899685303180,190.795616763244,7091.67012121335
760,3898201734756,190.799470925613,7094.72221076782
761,3907182329196,190.789008044032,7092.4110343143
762,3902006033473,190.790807243992,7093.50410160459
763,3893871070194,190.806768458866,7093.17489863118
764,3911449268547,190.787470938941,7093.36908918369
765,3903179808307,190.790921709231,7093.22352668666
766,3901824054764,190.790928499543,7093.79553698207
767,3904955653536,190.79042993019,7092.7621277662
768,3936182120841,190.763679147271,7092.23526093068
769,3900450623655,190.793537000309,7091.66951544343
770,3918730800475,190.77597098457,7092.57890214696
771,3915025621373,190.778745344414,7091.68068079692
772,3894560628407,190.800590583856,7092.3745764901
773,3923011466182,190.776555696036,7092.61259839689
774,3922137672537,190.776636216754,7089.83785655348
775,3906854178370,190.792765568802,7093.36548412489
776,3918753721236,190.777481158229,7091.72016873063
777,3892642390725,190.804611746083,7093.26547073863
778,3877295143977,190.816465373171,7096.61266880935
779,3892071205613,190.803982088243,7093.10175337167
780,3902567528335,190.791194181636,7093.41581899825
781,3903902078481,190.795095375518,7093.43377738375
782,3919893341120,190.774997738222,7093.7599344214
783,3926635306153,190.774177389308,7093.79775852711
784,3912703859526,190.782708474265,7093.55755079181
785,3905943040245,190.793239996074,7091.83735308078
786,3921421993059,190.779514354536,7093.01926135131
787,3921340891397,190.777043298943,7092.92613401242
788,3885109544747,190.812181594734,7091.96694384915
789,3907505664314,190.788526296509,7095.29008695542
790,3921417031677,190.77879223242,7092.6416307806
791,3916388433558,190.783015893271,7093.09368031159
792,3891576546364,190.804764186392,7093.71107426163
793,3898932480203,190.796778550262,7092.39631498894
794,3884669622174,190.808917125737,7094.02800604651
795,3897964645023,190.801283058603,7095.48760779117
796,3885791193741,190.808081289353,7094.82367701315
797,3928827289166,190.769738790011,7095.47940620956
798,3897865296487,190.798514065269,7093.95289385078
799,3892966324839,190.796651784014,7095.51152151814
800,3893118043553,190.806332614344,7093.82265406145
801,3903500841911,190.796178721118,7093.66641941999
802,3876183159639,190.824211613554,7095.65415530821
803,3925368985448,190.774070151487,7094.12325326923
804,3882150356767,190.81650610374,7094.43683342231
805,3921104664716,190.777114773329,7092.34972753672
806,3894955578743,190.799597028763,7093.80119355512
807,3935536246154,190.759025430587,7093.06246254951
808,3922774205543,190.778011160133,7095.46355477368
809,3908284816047,190.785627091393,7094.48693860396
810,3919514209767,190.780159128615,7091.40795724552
811,3914584579808,190.782542693661,7092.52053942323
812,3914908445816,190.778826504222,7095.13343327547
813,3892719654182,190.806155309327,7095.99744405972
814,3904296411153,190.795401562732,7091.74950452397
815,3906241141948,190.790769453097,7093.7332422285
816,3894407848717,190.805248569376,7094.22865935319
817,3904313148748,190.792793248394,7093.26912549422
818,3892654282398,190.80197179335,7095.12027563824
819,3888792688460,190.80821159515,7094.90656785574
820,3902182250797,190.797903066503,7094.86522550829
821,3893687234307,190.803552374816,7093.264234263
822,3895085363993,190.804732191807,7092.63025142481
823,3878722128938,190.815997215453,7095.18504221109
824,3909110102142,190.783518049739,7093.18330020449
825,3894161180308,190.803021167111,7094.03815114605
826,3896245175894,190.798601942734,7093.33550463272
827,3915833409569,190.782716066921,7093.32241043487
828,3927545896445,190.771910600833,7093.40731514293
829,3904956020201,190.789991240921,7094.35069796652
830,3891620816944,190.80656494127,7094.19090471781
831,3889095915976,190.806211214252,7094.21954914678
832,3887023334540,190.81216051348,7095.96262035333
833,3898345082297,190.801076739587,7093.48834490427
834,3858084426219,190.839987482804,7093.73802329754
835,3907785435662,190.791048022853,7096.20242677364
836,3883457437995,190.814618621708,7093.7408835323
837,3907300126040,190.790196284847,7094.11032446197
838,3930684711109,190.771235380405,7091.59862009472
839,3896414961823,190.799126107763,7093.35949523722
840,3901225648612,190.792430382139,7094.67668253016
841,3901917671403,190.79698243168,7095.65478436226
842,3883959258443,190.813676390193,7094.819732229
843,3882249082160,190.815501709697,7095.04604827422
844,3896631308884,190.799453411407,7095.38391698744
845,3922068741245,190.778071480611,7094.45415264118
846,3883341321570,190.81148875206,7094.72637439156
847,3880507634305,190.81082148303,7094.44598629882
848,3910660090017,190.790800960331,7094.53358838693
849,3896855829948,190.80583781613,7096.28651237945
850,3909605520208,190.785584978939,7094.69815358242
851,3911454416063,190.792968575331,7093.66278588583
852,3898232795071,190.80068026793,7096.48284089268
853,3877419707809,190.814828641441,7095.55828660624
854,3899765209565,190.797764079433,7093.2712563752
855,3905358792719,190.793694315341,7092.95107536981
856,3898880710988,190.796207802028,7094.34064967661
857,3915890380840,190.784700640172,7093.46157535788
858,3904305180166,190.794177962514,7094.06558443309
859,3883888925864,190.813353400575,7096.60716539916
860,3891252509388,190.80612153511,7094.04589109067
861,3902674662000,190.795821800671,7094.55467570907
862,3918828741729,190.777470195758,7093.65318980282
863,3892754735574,190.801784238507,7095.84850912259
864,3881974449651,190.812391951124,7096.20794322334
865,3892719027081,190.808753508136,7094.42699277566
866,3895633806452,190.801934501823,7093.85520519071
867,3868525571944,190.829893206397,7095.35390813966
868,3891134929675,190.8068177417,7094.79068555664
869,3896657872631,190.803917924083,7096.68068204477
870,3918133483357,190.780600327126,7093.47338716067
871,3895963034934,190.79912351906,7095.37000005157
872,3895462354161,190.805244371412,7094.03589861195
873,3884702871862,190.818016848709,7096.80892843517
874,3916219420115,190.781976055046,7095.30653243887
875,3886820667155,190.809398479159,7096.99348590419
876,3912665077540,190.786761917811,7094.3480528032
877,3887337238609,190.808636656994,7095.68692538237
878,3896925411483,190.795640594858,7094.12517379974
879,3905721329521,190.794188261195,7094.93373538085
880,3877527045938,190.817342306308,7096.39570141883
881,3891638201149,190.808093704722,7096.56050001675
882,3877888824114,190.816676848793,7097.51058849202
883,3876963892618,190.81988602612,7096.53873372842
884,3887605542065,190.812875758924,7095.77025485518
885,3898289421159,190.799739502782,7093.90515453491
886,3895307167837,190.802156318651,7096.2045031603
887,3906269828284,190.791309347313,7094.6406883983
888,3901801858537,190.797042492973,7095.09460742874
889,3898762731665,190.799726101407,7096.04364621821
890,3885929124362,190.808443488696,7095.93667174009
891,3885808815251,190.811881291769,7094.85213220194
892,3885413647657,190.811335302273,7097.47623322058
893,3898577866956,190.802546958383,7095.76578597454
894,3906411942127,190.791491138783,7095.49778465899
895,3907217276372,190.791690230589,7096.03694122137
896,3919116852752,190.78393537284,7093.9906150396
897,3912973129729,190.789306204028,7094.62171620382
898,3887700117251,190.813001648952,7096.75512549952
899,3899354855819,190.803525248526,7094.63121262991
900,3922036581488,190.778715434134,7094.73825493425
901,3880056626262,190.819486543208,7096.48018546501
902,3890908655456,190.809461991515,7095.44481053531
903,3904948754208,190.795724278174,7096.49153611435
904,3903361065401,190.798270237674,7095.06069830861
905,3862057589366,190.831768035803,7096.04278946432
906,3907251083022,190.790754141135,7094.86947828182
907,3918882399026,190.778752828336,7095.65555440358
908,3900442559485,190.799524353772,7094.40616354862
909,3879014894022,190.821995655163,7094.9781532558
910,3904675070919,190.796000734467,7095.40464563672
911,3882269061142,190.819978848439,7096.21533886987
912,3911114144837,190.788461740364,7095.23603301055
913,3911260264458,190.78668314003,7095.83035559836
914,3869928346927,190.825575238126,7097.77401678739
915,3897264553493,190.800607776389,7095.8100596681
916,3926631711747,190.775608357351,7095.06643590229
917,3894863277884,190.806797052228,7096.7619197497
918,3897342469422,190.801660178047,7095.02793521418
919,3883861222752,190.811387041223,7095.31919372442
920,3899851984876,190.802107543705,7097.40121725651
921,3909386782060,190.791723251557,7096.81839046076
922,3902234166658,190.79806078545,7096.71925065472
923,3902938960727,190.798656565888,7095.99409189489
924,3881738103500,190.816572112324,7095.81026551202
925,3891045719986,190.810887387237,7095.60425348706
926,3886236428896,190.808382253949,7094.48470158334
927,3934116662780,190.765565742075,7094.9611666744
928,3910722546969,190.791810585389,7094.19000368797
929,3895910438738,190.804920847802,7096.66474057004
930,3884747563684,190.813278141443,7096.67157977865
931,3893231031372,190.806527697128,7095.59623416358
932,3893189328769,190.803491134138,7097.44465373843
933,3912306554393,190.788428379508,7096.36379180361
934,3910188572285,190.792559722043,7096.37925769319
935,3916798180231,190.782425222559,7095.52671826851
936,3877029087885,190.820400584462,7096.92442541703
937,3917528034850,190.779851061707,7092.94838385491
938,3890121249448,190.808920146389,7096.59734648996
939,3902792922237,190.796055329086,7095.78116018573
940,3895871994836,190.804513444236,7095.94035735981
941,3880998234732,190.821556329889,7096.06443669517
942,3904256741091,190.794706970628,7098.4136832865
943,3914166953101,190.785756921767,7095.43177812131
944,3890485659938,190.811152407559,7095.82063400704
945,3905347772907,190.794146349268,7095.47428107876
946,3903822658311,190.795644994944,7097.20997807509
947,3893902146469,190.80620939924,7096.38580738159
948,3876336379718,190.821422498063,7094.63946528583
949,3886608546354,190.811374045293,7094.90808614386
950,3905097487178,190.798300624532,7096.26927341313
951,3884872735153,190.818087801655,7096.7761729666
952,3889568411406,190.809960869799,7095.79393907484
953,3885955769553,190.818742514735,7098.28566319244
954,3885899026033,190.814575493163,7095.98349123294
955,3898333789179,190.803425358886,7096.67317906182
956,3894504668345,190.807083261144,7095.04775352554
957,3913313981001,190.784830309579,7095.32963749514
958,3903610755377,190.794737674265,7095.64348843948
959,3902162366013,190.792445002207,7095.89105674627
960,3896912686270,190.803817606975,7096.64420257179
961,3910483101691,190.78659053761,7096.85746253733
962,3907608386229,190.791720096037,7096.91999368633
963,3886268118722,190.815650952192,7097.72832775471
964,3910482280208,190.790386615303,7095.34249269084
965,3893671002925,190.810791421417,7096.94055607012
966,3898805522386,190.803610772329,7097.87247569715
967,3881719656007,190.822271140529,7095.82660255164
968,3897505220499,190.798365413439,7097.38630467472
969,3869557163612,190.826052085147,7096.10280481095
970,3906138415859,190.795859081993,7098.4257429238
971,3884989387244,190.817121297931,7098.81472502325
972,3875561063902,190.825910125223,7096.92281326093
973,3892519213367,190.809503737499,7096.87500875287
974,3911423901054,190.790863529219,7095.33795354738
975,3906893127033,190.792833336992,7096.9036618845
976,3881946536727,190.8179418044,7097.9528033224
977,3896114222333,190.81078185312,7096.21222901957
978,3903516793676,190.799808082788,7097.30699915096
979,3905728838048,190.797722411105,7094.89675464097
980,3917578778758,190.781363034797,7096.68079441114
981,3920026404816,190.777824660738,7095.39920587729
982,3904357675884,190.796304400151,7096.25446747291
983,3909205188821,190.794138747062,7097.39557820817
984,3895902990100,190.804407333752,7098.52009044002
985,3926934055461,190.775645270633,7095.37973348234
986,3906169867715,190.797215902442,7095.37879914779
987,3888286307384,190.814194733679,7095.26825277229
988,3908233963324,190.79355582336,7095.3744805578
989,3906027149343,190.794736136299,7095.30551036163
990,3906855328835,190.795560862099,7097.1357692849
991,3889203392409,190.812223604304,7096.38694955386
992,3894903427181,190.809314655286,7095.82091931456
993,3889142521735,190.813139720502,7097.46087609795
994,3887743789897,190.816013578645,7096.58108331318
995,3888575241751,190.808609157512,7098.34183469631
996,3863807318139,190.836659109532,7097.84436900648
997,3889320906190,190.812554542516,7097.21180709301
998,3887125240257,190.815642131935,7100.16714928945
999,3887077100092,190.815599238826,7097.70384111932
1000,3875214093314,190.822444622808,7098.3435436433
1001,3862414172586,190.834657336288,7099.4662588964
1002,3896359070064,190.80719298017,7097.13274645934
1003,3904725142389,190.802212642809,7099.17632494856
1004,3899485290359,190.800665949564,7096.37514082557
1005,3891027380275,190.812746061851,7095.9290972556
1006,3896821496270,190.803371550454,7099.51289644689
1007,3896294962640,190.805365480611,7095.34925332302
1008,3884277560308,190.819463093934,7097.66528514162
1009,3891371356438,190.810185778154,7096.8071305172
1010,3867174893311,190.836020366683,7098.45151170704
1011,3867883331800,190.832445735062,7098.22124912364
1012,3882640059178,190.818279687419,7098.44699536554
1013,3885914966240,190.81679146227,7097.76758307257
1014,3892231961347,190.810308117214,7097.84890478054
1015,3878585199665,190.821593027396,7099.58038743389
1016,3902022979981,190.795537091917,7097.39278690818
1017,3888485008107,190.810878146585,7097.55310682442
1018,3902910803010,190.80303457392,7096.00093612598
1019,3905738373233,190.796068180961,7097.36219418567
1020,3885169140621,190.814988874097,7098.56798981537
1021,3894752881253,190.809428947132,7097.25125989469
1022,3893863936416,190.809702924658,7096.76887667636
1023,3899246874859,190.801105742993,7095.11827452893
1024,3907714445398,190.798848233189,7099.47437299674
1025,3894849525552,190.80674957593,7097.49782595444
1026,3870848565975,190.829343120383,7099.26802261692
1027,3906454008535,190.800934232071,7098.14251583283
1028,3916885555272,190.788058576636,7096.88401479447
1029,3921544439575,190.778277529385,7096.93335505461
1030,3890003665715,190.81575777619,7096.67250328939
1031,3905659345320,190.796337384072,7095.72780214376
1032,3921051877979,190.779774813207,7099.53152204018
1033,3907728196783,190.792020661366,7095.35301323054
1034,3902225270331,190.800768605006,7098.65427207604
1035,3906180377830,190.791521095275,7096.25143888694
1036,3918163783255,190.786870932907,7096.8669384198
1037,3899644749713,190.801241051964,7096.89726051519
1038,3865879003293,190.836064132048,7099.70686651697
1039,3883128940350,190.819705484463,7098.96520389059
1040,3912462375223,190.791330523264,7096.64236078271
1041,3891258285907,190.815600132493,7097.12155542136
1042,3899483886562,190.803067311981,7097.19689957298
1043,3890765224287,190.811211796929,7098.09264960807
1044,3899319760278,190.800644605757,7097.38617031662
1045,3869708354419,190.833608773158,7097.88689356734
1046,3886726516597,190.812977072177,7097.79469014138
1047,3902732576358,190.800222079759,7098.58364124193
1048,3871621810484,190.829677659606,7098.65932132489
1049,3933527264047,190.767470716898,7096.33027848058
1050,3894555822502,190.807328103739,7098.76728520003
1051,3896150622860,190.806674500074,7097.56007556089
1052,3899775327053,190.805199506689,7099.54172751398
1053,3895638209004,190.805478089134,7097.82223246316
1054,3909739283463,190.791978830408,7097.17772817461
1055,3868780639905,190.831252913341,7099.50929496493
1056,3883388152761,190.820211384549,7096.74894857058
1057,3877908235608,190.824578679745,7098.70115393791
1058,3910298762212,190.789802890036,7097.44335105883
1059,3871387674328,190.831195857401,7097.46083410621
1060,3891120532687,190.811777510573,7097.67689901687
1061,3888291142660,190.815143776264,7096.64620833919
1062,3879876394277,190.820536847183,7097.85263645537
1063,3882431812567,190.821287516524,7098.80167248083
1064,3891912859044,190.809633895279,7098.34641813058
1065,3884277491762,190.820361957058,7098.89413337827
1066,3877051266126,190.823395220041,7099.35495903826
1067,3902982233586,190.796034140713,7097.56756094274
1068,3916192179784,190.786867616929,7097.06651383206
1069,3896251162676,190.804326870352,7099.6841480785
1070,3859222045495,190.842638520334,7099.21569397767
1071,3856168938348,190.843896711744,7099.89839784132
1072,3881636666216,190.820716664413,7098.18754686525
1073,3873376455388,190.830882796336,7099.54487080525
1074,3881871558996,190.823364017781,7100.16744077047
1075,3887765341364,190.815114768262,7099.45478408682
1076,3885893738621,190.818724232505,7098.00290692069
1077,3906135760060,190.7960136083,7098.76191061854
1078,3878227603259,190.823010358311,7098.12268093777
1079,3874965532653,190.833346808603,7098.59527142309
1080,3891517142411,190.810307800589,7097.26403323118
1081,3907444124883,190.795404622132,7098.38590884647
1082,3875423369196,190.827925975347,7100.8909224253
1083,3889520165320,190.817048592012,7099.07917222141
1084,3870751155092,190.832609020509,7097.6406730627
1085,3884269004270,190.814809986173,7097.03977666157
1086,3889377485365,190.815240054181,7097.40652492634
1087,3902778029755,190.799769492023,7099.14814950364
1088,3868006389678,190.83436087259,7098.56830785043
1089,3892347341106,190.812389407769,7099.22886238859
1090,3881620330195,190.821650048788,7098.00240708065
1091,3892959250355,190.807520013825,7095.53888541873
1092,3887886045329,190.813978172841,7097.26973772516
1093,3897101723395,190.804139196238,7099.17266394921
1094,3877109188805,190.826853700511,7099.37162192848
1095,3903254577900,190.803346859451,7097.42131652202
1096,3873216912765,190.828575020418,7098.60473774127
1097,3837593653594,190.866079221814,7101.4656299367
1098,3886782324637,190.815075147776,7098.85667894054
1099,3879031713856,190.823805807326,7099.82008433712
1100,3895615176557,190.810194595385,7098.94221490695
1101,3895842925255,190.807045912953,7098.47345515731
1102,3916410170252,190.791608759017,7097.92712281347
1103,3886410332407,190.815251928946,7098.58447364485
1104,3874714847654,190.82530361816,7097.11136020314
1105,3901635851526,190.801364195219,7098.5821978701
1106,3876712634305,190.825677780102,7099.74381831559
1107,3877663046268,190.826321252876,7098.04261805874
1108,3901209487033,190.805144759629,7099.40171616992
1109,3894687107400,190.81088503661,7099.48100990426
1110,3868911214915,190.831401318194,7099.34023325284
1111,3900923886154,190.798552383932,7098.2544518716
1112,3872514633837,190.82924871959,7098.8891712384
1113,3891994517626,190.814116833945,7098.66591280131
1114,3917321325329,190.786535448346,7096.22124135872
1115,3888658443283,190.815519521912,7098.81124435731
1116,3890360444166,190.811952973896,7097.75370506398
1117,3894260975348,190.813853149889,7099.35719740028
1118,3893608757726,190.810381473164,7098.34786974296
1119,3874599558672,190.828346394875,7099.47879323812
1120,3874656397303,190.82998186271,7101.41268936855
1121,3892385340141,190.8069691623,7099.30351240447
1122,3893789043468,190.807586461733,7099.02252758037
1123,3905040848980,190.798189682352,7099.62048367294
1124,3911362518088,190.789831056061,7099.01104715594
1125,3909848337483,190.795729765711,7096.12513906676
1126,3906101274410,190.802016445289,7098.2713729213
1127,3882704110952,190.820272270597,7098.54032338042
1128,3898828506665,190.804883761229,7098.18792869339
1129,3883604008731,190.81871548189,7098.67532622268
1130,3881672850942,190.82268933809,7099.55443149428
1131,3876004826623,190.829086230778,7100.21880935061
1132,3892011936964,190.815891572949,7098.11198666349
1133,3901262926662,190.803507486522,7097.27786845281
1134,3882517508188,190.819151913713,7099.47684488765
1135,3909372082874,190.79609467415,7098.55724362019
1136,3911044265504,190.795420094302,7097.77086571092
1137,3877571434085,190.824929815165,7100.3242680188
1138,3899591235742,190.806072955851,7100.26271733972
1139,3885277164649,190.817129311704,7098.28858017196
1140,3893104479218,190.810586665333,7097.55342024395
1141,3895985160503,190.807772156146,7100.07174707631
1142,3906133459083,190.798582947413,7098.8892970513
1143,3866449605551,190.836914838897,7101.05959749364
1144,3891713405939,190.81650649377,7098.82261629329
1145,3919874875894,190.783760433031,7097.12200350071
1146,3898325042645,190.805010267763,7099.35152736846
1147,3870743103054,190.835604935962,7098.45653963457
1148,3879069805020,190.823787666678,7100.38210300942
1149,3852451564727,190.853445705127,7099.09513936112
1150,3899504568994,190.804265328847,7098.23880701756
1151,3908713058776,190.796524942283,7098.82964764944
1152,3884361505420,190.820672714768,7099.26267535944
1153,3871454460984,190.836624908639,7098.83235773614
1154,3896012548819,190.809245433711,7098.60302069254
1155,3890480651426,190.815077467663,7099.10643722688
1156,3877847593210,190.827916442824,7100.05600567947
1157,3885396411952,190.81865773589,7098.99956619111
1158,3874744966621,190.830116864583,7100.92169365824
1159,3911364419010,190.794647377715,7098.16369391356
1160,3880698696176,190.823831553704,7099.88298451389
1161,3902953845944,190.800278051243,7099.30723583827
1162,3899333276908,190.807256110237,7097.91354231468
1163,3886440178016,190.819374206754,7098.18881413011
1164,3871407394805,190.832470403072,7099.72804984332
1165,3893536018635,190.808547329086,7096.79928851555
1166,3871458081887,190.83224817369,7102.48005618999
1167,3882643703734,190.819715433025,7097.58708814001
1168,3884367161917,190.820345252084,7099.51710415258
1169,3871196699327,190.830823746637,7100.04393281938
1170,3891089139955,190.812370250652,7099.05521858787
1171,3893048532340,190.808520247352,7098.80764853115
1172,3873318508260,190.834356671207,7100.68331475854
1173,3916690303943,190.788171122756,7100.15828942588
1174,3879653331731,190.825714319845,7098.86608141406
1175,3863883826557,190.840348571539,7100.76130250728
1176,3917732536131,190.788004707516,7097.80402252344
1177,3883091493215,190.823237478467,7099.53919847728
1178,3903135519906,190.801240148477,7099.93089565863
1179,3871109166862,190.831808547671,7100.79057740351
1180,3852619083532,190.854045816504,7099.67486342553
1181,3870967230043,190.834769532151,7100.38423979038
1182,3877772823997,190.829238789914,7100.21943812636
1183,3895082892323,190.809008303614,7098.38102436459
1184,3878408695844,190.826120661136,7100.22255648818
1185,3886511773065,190.819598987539,7099.67944639952
1186,3908014392029,190.799015518846,7097.02450035347
1187,3892069854557,190.812481503399,7098.60050729542
1188,3881238403640,190.826273393655,7101.46050870555
1189,3885470816326,190.815891256444,7100.02068098251
1190,3878726962749,190.824805513423,7098.98104736486
1191,3888936663539,190.815152092169,7100.93478918401
1192,3861312293191,190.843289381397,7100.20345575819
1193,3872900734360,190.831538747863,7098.25635490132
1194,3898298933107,190.803204037084,7100.06150082814
1195,3853878697149,190.850734936447,7101.28980974454
1196,3881681331444,190.826395110196,7100.6899036891
1197,3885502423899,190.817220741502,7098.38818395607
1198,3878947691428,190.821475363746,7102.32373461971
1199,3904613165943,190.796428431838,7099.81035738994
